0	平稳
0	提前 前一刻 一刻 一刻钟 刻钟 ╮(￣▽￣)╭
0	航班 飞得 很快 飞行 飞行员 行员 赶上 顺风 落地 过载 很小
0	平稳 飞行 餐点
0	不错
0	舒服 座位 间距
0	空乘 人员 服务 服务态度 态度 需求 求解 解决 速度 速度快 满意 感受
0	旅行 飞行 飞行员 行员 技术 空乘 服务
0	太太 太太 颠簸 机长 技术 堪忧
0	服务 满意
0	不错 下次 选
0	准点 到达 服务 不错 早餐
0	服务 体验 还好 麻辣 鸡肉 鸡肉饭 太 咸 还给 两个 咸 榨菜 狂 喝水 call
0	有史以来 最快
0	飞行 途中 中平 平稳 空姐 服务 提前 20 分钟 抵达 中转 时间 紧张 喘 过气 谢谢 乘客 旅途 付出 努力
0	飞机 陕西 颠簸 坐 飞机 紧张
0	飞机 很旧 机 况 尚可 起飞 供应 正餐 小点 小点心 点心 巴黎 时间 凌晨 三点 供应 正餐 中式 西式 可选 中餐 粥 味道 尚可 飞机 usb 口 座椅 下方 中国 国标 标准 220V 插座 没电 娱乐 系统 说 全程 无人 看屏 屏幕 屏幕 寸 质量 差 航路 信息 可选 空姐 很漂亮 漂亮 舒心
0	设施 新 提前
0	满意
0	常平 平稳 起飞 飞落 落地 有感 感觉 空乘 服务 贴心 哈根 哈根达斯 达斯
0	挺 不愧 航空 航空公司 公司 飞机 机 餐 服务 周到 上个 航班 晚点 导致 时间 匆忙 工作 工作人员 作人 人员 协助 走 快速 快速通道 通道 乘坐 国航
0	超 满意 乘务 乘务长 孕妇 舱门 主动 动上 帮忙 提 行李 厕所 提醒 小心 孕妇 饿 说 交代 乘务 乘务员 特别 照顾 飞机 注意安全
0	落地 成都 远 机位 终于 VIP 车
0	设施 太旧 餐食
0	总体 很顺 顺利 飞机 飞机 新 自助 托运 习惯 飞行 中 遇见 气流 颠簸 飞行 飞行员 行员 技术 精湛 飞机 深圳 深圳机场 机场 走 远 拿到 行李 箱子 磕 坏
0	航班 空乘 服务 特别 主动 乐器 登机 经济 经济仓 行李 行李箱 地方 方可 放下 乐器 空乘 主动 乐器 放在 地方 保存 贴心 服务
0	飞机 是从 悉尼 飞过 飞过来 飞机 座椅 舒服 踏板 飞机 机 龄 四年 多媒体 媒体 点播 服务 到位
0	坐 烂 商务 舱体 体验 空乘 标准 标准化 服务 食物 难吃 谨慎 慎选 选择
0	座椅 太 舒服 脚踏 脚踏板 踏板 飞机 机上 多媒体 多媒体系统 媒体 体系 系统 点播 翻来 翻来覆去 放 一部 电影 飞机 机 龄 太 已有 十年 之久 不应 再来 做 长途 长途飞行 飞行 11 小时 航班
0	真的 太差 特别 客气 问 空姐 预计 几点 起飞 接来 一句 说 不好 时间 六点 一刻 飞机 延迟 小时 解释 杯 饮料 全程 看不到 不到 服务 人员 延迟 太严 七点 一刻 说 推迟 迟到 八点 五十 真的 太差
0	满意
0	准点 起飞 降落 乘客 愿望
0	到达 提前 满意
0	晚点 飞机 机上 面包 三点 二十 落地 四点 二十 下摆 摆渡 车 干脆 开河 河北 北去
0	总体 不错 喜欢 国航 服务
0	服务 不好
0	晚点 空姐 空 少 服务 服务态度 态度
0	不错 早班 班机 机组 辛苦
0	博鳌 机场 太小 设施 和服 服务 较弱 飞机 晚点 一个半 半小时 小时
0	飞机 晚点 北京 凌晨 海南 飞来 薄衣 衣服 打扮 飞机 做 机场 大巴 气愤 行李 小时 航班 行李 行李 丢 问 两批 行李 没出 号称 国航 服务 想 说 航班 冒牌
0	老虎 老虎凳 加 摆渡 车
0	小时 四十 飞机 餐 好吃 炸 哈哈哈 哈哈哈哈 哈哈哈 空姐 很漂亮 漂亮
0	舒适
0	想 说 乘务 乘务员 小姐 小姐姐 姐姐 实在 实在太 太漂亮 漂亮 太 性感
0	行李 行李箱 丢失 一件
0	座位 空间 太小
0	餐食 超 差
0	整体 体验 早餐 面包
0	不愧 准点 率 航班 点 飞机 延误 点 50 导致 行程 被打乱 打乱 这辈子 辈子 再选 垃圾 航班
0	准点 起飞 座位 位非 挤 伸 不开 腿 餐食 可口
0	空乘 服务 饭菜
0	机组 机组人员 组人 人员 点 赞
0	飞机
0	感觉 感觉良好 服务
0	空间 餐食 差 价格 贵 垃圾 航空
0	787 牛 逼 经济 经济舱 腿部 空间 局促 还好 时间 不长
0	沒 機 娛 樂 設 施 總 來 說 還 準 點 達
0	不错 飞机 餐 走点 点心
0	晚点 两个 小时 猪肉 面 没味 味道 空乘 说话 礼貌 用语
0	服务 服务周到 周到 餐食 品质 准点
0	wifi wtf
0	空乘 态度 几个 老外 素质 低下 一位 美女 空乘 始终 微笑 不卑不亢 喜欢 ！(！)
0	飞机 餐食 简单 倒 提前 抵达 国航 航班 技术 一流 服务
0	飞机 提前 到达 半小时 小时 行李 四十 四十分钟 十分钟 分钟 内心
0	换成 成大 飞机 娱乐 设施 充电 电插头 插头 感觉 座位 挤
0	准点 率 不到 13 满意
0	提前 到达 杭州 机场 时刻 太 繁忙 早上 迟 30 分钟 起飞
0	挺 满意
0	满意 服务 服务态度 态度 干净 卫生
0	服务 菜 不好 好吃
0	感觉 鱼肉 米饭 好吃 提前 22 分钟 到达
0	总体 小时 行程 送 饮品 希望 送 几次 呼叫 空姐
0	耳机 插孔 坏 空乘 态度 主动 提出 换位 位置 送来 水 报纸
0	不错 干菜 扣肉 饭
0	一如 一如既往 信任 国航 愉快 旅行 感谢 空中 空中小姐 小姐 周到 服务 亲人 关心
0	舒服
0	合肥 机场 餐饮 省会 城市 中 较差 长时间 时间 改变
0	不错 行程 各方
0	飞行 飞行员 行员 喝酒
0	各方 挺 满意
0	安检 狗
0	国航 航班 飞机 机设 设施 齐全
0	坐上 ！！！
0	登机 登机牌 安检 被告 告知 航班 班上 名字 晕 值机 机柜 柜台 打印 有惊无险
0	稳
0	满意 服务
0	行李 不知 运
0	空姐 服务 服务态度 态度 差 全程 僵尸 脸 吃 一如 一如既往 不好 好吃 联 时间 不合 不合理 赶不上 二班 飞机 丢 行李 飞机 行李 没到 只能 u 回来
0	还行 飞机 娱乐 设施 新 飞行 平稳
0	空乘 服务 专业 热情 耐心 ，。
0	不好 旅程 机场 小时 说 流量 量控 控制 说 原因 国航 服务 服务质量 质量 满意
0	特别 棒
0	延 誤 20 分 鐘 提前 10 分 鐘 務 組 藹 親 讚
0	国航 一向 信任
0	起飞 稍微 一点 延误 影响 飞机 最新 787 一路 飞 平稳
0	不错 空乘 很漂亮 漂亮 帅气
0	整体 不错 食品 建议 提升
0	娱乐 设施 故障 餐食 水平
0	飞机 餐食 点心
0	国航 服务 名不虚传 不虚
0	分配 配到 倒数 倒数第 第二排 二排 飞行 飞行员 行员 技术 有待 提高 机上 设备 陈旧
0	发 红
0	鸡肉 汉堡 挺不错 不错 服务 。。
0	飞机 舒服 飞得 稳当 服务 不错 提前 落地
0	提前 服务 不错 吃
0	飞机 娱乐 系统 国航 夜宵 永远 永远都是 牛肉 牛肉饼 肉饼 不错
0	满意 令人 开心 旅程
0	飞机 机上 服务 服务态度 态度 干净 飞机 坐 舒服
0	飞机 新 娱乐 系统 内容 质量 高 操作 餐食 两顿 正餐 质量 德国 制作 中餐 德国 时间 14 00 中国 时间 凌晨 点 座椅 底下 下有 220v 中国 国标 标准 插座 充电
0	满意
0	满意
0	餐饮 差 座位 上有 枕头 服务
0	n
0	国航 精品 航线 服务 服务到位 到位 食物 托盘 递 提供 靠枕 耳机 总体 满意 有机 机长 广播 这天 机型 低密度 密度 B777 300ER
0	旅程 体验
0	准点 率 提高 完美
0	各方 不错 餐食 鱼肉 过敏 乘务 乘务员 单独 做 一份 木瓜 臭味 放 变质 整体 服务 冰激凌 ，， 泰国 国产 和路雪 路雪
0	飞机 真的 旧 旧 旧 打扫 太 干净 电视 坏 。。。
0	座位 太 舒服 nice
0	头等 头等舱 飞机 小巴 醉
0	机舱 里 感觉 闷 出口 口前 座位 调 靠背 坐 难受
0	垃圾
0	不错 乘务 乘务员 特别 热心 关心 老人
0	波音 787 空间 身体 感觉 舒适 机上 娱乐 设施 赞 餐食 还好
0	极好 飞行
0	空乘 服务 十分满意 满意 飞机 旧 常规 晚点
0	飞机 停 太 远 摆渡 车 开 好久 好久好久 好久
0	不错 体验 空乘 素质 蛮高 主食 吃 完美 嘻嘻
0	机上 娱乐 系统 真得 好烂
0	届 乘务 乘务员 拍 照片 被迫 删了
0	特别 飞行 行时 时间 短
0	满意
0	餐食 不正 正规 水果 ptv 太 老太 太旧 死机 能用
0	值机 服务 浦东 T2 周到 快捷 查询 护照 打印 登机 登机牌 一位 行李 贴 牌 托运 效率 服务 均值 值得 国内 同行 学习 机上 服务 差距 航程 短 乘客 加 茶水 简单 得不到 不到 空乘 响应 看不到 不到 顾客 为先 服务 服务态度 态度 希望 国航 对得起 ＂ 中国 ＂ title
0	到达 领取 行李 时间 太长 太久
0	行李 提取 小时 气流 缘故 耳鸣 头疼 晕机 浑身 难受 耽误 行程
0	不错 头等 头等舱 机会 不错
0	晚点 一小 小时 飞机 餐 比较简单 简单
0	乘务 乘务长 日语 广播 空乘 广播 太差 杀 乘客 耳朵
0	還 挺 過 飛 機 餐 味道 點 點 ⋯
0	超 空位 起飞 起飞前 冲上来 俩 坐 大声 招呼 同伴 全程 大声 说话 吵 乘务 乘务员 劝回 超 有意 意义
0	提前 30 分钟 到达 机场 成功 避开 珠海 海大 大雾 完满 满到 到达 目的 目的地 安利 准 飞行 模式 超
0	飞行 飞行员 行员 技术 棒 落地 常平 平稳
0	国航 不错 起飞 晚 点 提前
0	满意 直选 选择 国航 山 航 航班 ！！
0	没准 准点 点过
0	飞机 太 颠簸
0	两段 国航 航机 机票 联程
0	机场 托运 有人 托关系 关系 不停 插队 机场 托运 安检 效率 低 APP 办理 值机 选 座 不知 是因为 改签 签过 飞机 到达 取 行李 花费 一小 小时 时间 点 折腾 家
0	午餐 午餐时间 时间 主食 花生 花生米 生米 矿泉 矿泉水 泉水
0	空乘 颜 值 不行
0	空乘 素质 欠佳 条理 培训 地勤 更是 安排 乱七八糟 七八 糟 乱七八糟 七八 糟 太差 ！！！！
0	飞机 机上 显示 显示器 老化 损坏 11 小时 航程 电影 国际 国际航班 航班 A330 廊桥 夏季 墨尔本 飞回 大雨 冬季 上海 说 很惨
0	卫生 值得
0	服务 特别 周到 贴心 细微 功力
0	一路 飞来 稳 喜欢 做 国航 头等 头等舱 吃 太多
0	不错 两次 婴儿 摇篮 态度 餐食 娱乐 系统
0	超级 舒服 大块 大块头 块头 坐 一点 挤 空姐 服务 家
0	餐食
0	只顾 睡大觉
0	空姐 服务 服务态度 态度 差
0	满意 吃完饭 回收 餐具 慢
0	机上 娱乐 開 放 太晚 機 長 播 報 英 語 。。。。 還 放 點 錄 音
0	舒适 服务 服务周到 周到
0	空乘 人员 服务 服务周到 周到
0	准点 空姐 姐们 服务 三餐 行 相比 国航 成都 法兰 法兰克 法兰克福 兰克 福 各方 太多
0	挺 乘务 乘务组 专业
0	满意
0	挺不错 不错
0	服务
0	感觉 不错
0	不错 提前 到达 春节 返程 客流 较大 机场 安排 免费 巴士 接驳 龙阳 站 公园 赞
0	旅 飞机 机上 乘客 舒服 机组 机组人员 组人 人员 服务
0	总体 降落 晃
0	满意 起飞
0	热情 态度 极好
0	国航 call ！！ 最新 电影 小姐 小姐姐 姐姐 超级 漂亮 看着 心旷神怡
0	餐食 难吃
0	飞机 稳
0	777 飞机 飞 国际 航线 爽
0	特别 满意 T3 航站 航站楼 真的 强
0	晚点 小时 驾驶 技术 不行 天津 滨海 海国 国际 国际机场 机场 降落 时 咣 砸 差点 冲出 跑道 太 吓人
0	一切顺利 顺利
0	帮 托运 行李 找 不到 小时 箱子 轮子 搞坏 说 12 小时 说法
0	服务 不错 机 机 一点
0	航班 破 坏 停机 停机坪 乘客 飞机 外面
0	准点 率 终于 提高
0	差
0	飞机 宽敞 空乘 服务 温馨 十分满意 满意
0	滑行 行时 时间 稍 长
0	满意 出行
0	纽约 坐 女皇 很棒 舒服
0	飞行 满意
0	准点 到达 服务 服务满意 满意
0	起降 时间 算 40 起飞 40 落地 落地 滑行 远 远 机位
0	服务 服务态度 态度 点 赞
0	小孩 吵
0	做 摆渡 车 不好
0	晚饭 太差 三明 三明治 明治
0	24 年 744 ptv 不好
0	满意 拢共 50 分钟 飞行 行时 时间 延误 小时 玩意 两段 行程 国航 飞机 影响 一段 行程 飞机 不等 机场 国航 服务 人员 下班 负责 责任 没人 没人管 国航 服务
0	有机 机位 不用 非要 停 远 飞机 机上 服务 人员 态度 太差 旅客 极不 不耐 不耐烦 耐烦 样子
0	北京 巴塞 巴塞罗那 塞罗 罗那 航班 不用 转机 未 晚点 提前 飞机 餐 座位 显示 显示屏 操作 坏
0	明明 晚点 飞机 停 很远 很远 地方 无法忍受 忍受
0	餐食 太差
0	小姐 小姐姐 姐姐 特别 漂亮
0	通知 七点 五十 五十一 十一 起飞 八点 二十 起飞 时间 通知 行李 没上 飞机 走得快 快递 妈妈 着急 急赶 飞机 犯 心脏 心脏病 投诉
0	不错
0	长春 深圳 航班 中途 途经 停 烟台 15 25 起飞 飞机 延迟 迟到 16 点 飞 中途 五点 多只 提供 一瓶 矿泉 矿泉水 泉水 餐盒 面有 两个 蛋糕 一袋 花生 花生豆 加 叉子 七点 到达 烟台 停留 一阵 起飞 到达 时间 10 45 取到 行李 11 点钟 全程 说好 好坏 太大 感觉 程 旅途 差距 较大 成对 留 一颗 星 提高 全组 机务 机务人员 人员 辛苦
0	史 烂 航班 出发 到达 全 摆渡 车 半个 小时 行李 没出 垃圾 中 战斗机
0	曼谷 素 万 普 机场 工作 工作人员 作人 人员 人员素质 素质 太差 态度 蛮横 国航 指示 指示牌 错误 飞机 停靠 靠北 北京 北京机场 机场 廊桥 外 半个 小时 无尽 等待
0	国航 飞机 真的 稳 起飞 降落 没什么 感觉
0	专业 空乘 飞机 晚点 机上 上有 两个 乘客 发生 口角 乘务 没什么 作用 落地 滑 一段 滑到 机位 乘客 陆续 站起 乘务 乘务组 组织 乱糟 乱糟糟 滑
0	平稳 服务
0	不错 国航 确实 不错 飞机 飞行 平稳 没什么 太大 颠簸
0	确实 实落 落地 滑行 加 摆渡 时间
0	枕头 飞机 餐 味道 不错
0	新飞 飞机 国际 航线 配置 平稳 机组 机组人员 组人 人员 服务 OK
0	不错 和空姐 空姐 面对 面对面 对面 坐 尴尬
0	座位 不调 调起 座椅 后背
0	个子 柜台 值机 想要 应急 通道 柜台 回答 飞机 起飞 应急 通道 位子 空 和空姐 空姐 沟通 换 座位 空姐 回答 座位 加钱 坐 国航 廉价 航空 应急 通道 加钱 坐
0	飞机 不错 早上 睡着 吃到 早餐 醒来 后发 发现 飞机 着陆
0	递 flight log 机组 和善 ！！
0	商务 舱 调节 椅背 角度 餐食 明明 面 说 南航 差
0	飞 稳 困 睡着 落地 醒
0	杭州 行李 小时 真不 真不知道 不知 地勤 干嘛
0	吃 太差 座位 舒服
0	满意
0	提前 40 分钟 降落 服务 双通道 通道 中型 中型机 唯一 缺陷 晚餐 太差
0	平稳 服务 服务周到 周到
0	误点 小时 满意
0	满意
0	机型 旧 娱乐 系统
0	最爱 爱国 国航
0	过程 不错
0	下降 下降时 太 颠簸
0	行李 行李箱 三个 轮子 行李 行李箱
0	两点 飞机 吃 午饭 自行 自行解决 解决
0	正点
0	飞机 常新 充电 口 机上 发 耳机
0	飞机 座位 距离 很大 娱乐 系统
0	满意
0	座 好多 航空 航空公司 公司 789 第一 第一次 国航 窄 顶 膝盖 疼 餐食 感觉 糊弄 事 沙拉 一点 胃口 餐食 分量 少 可怜 水果 蛋糕 希望 国航 改善 四个 月 789 ptv 常新 操作 流畅 值得 鼓励
0	不错 提前 到达 空乘 服务
0	客 艙 服 務 餐 點 錯 空 服 員 耐心 唯一 可惜 飛 機 點 舊 清 潔 希望 硬 體 改 進
0	宽体 机 有机 机上 娱乐 设施 不错
0	比较满意 满意 准点 更好
0	棒棒 哒 天津 乘务 乘务员 口音 音感 感觉 亲切 服务 服务业 到位
0	挺 满意 橙汁 不好 好喝 太 酸
0	不存 提前 前半 半个 小时 到达
0	航班 班上 空姐 服务 服务态度 态度 真的 不耐 不耐烦 耐烦
0	牛肉 味道 不错
0	落地 飞机 机要 半小时 小时 耽误 误出 出行 行时 时间
0	行李 40 分钟 情况
0	国航 真的 辣 鸡
0	满意
0	10 分
0	飞机 舒服 飞机 餐 可口 关键 两次 饮料 提供 贴心
0	准点 到达 不错
0	服务 飞机 久
0	气流 颠簸 厉害
0	服务 服务态度 态度 晚点
0	国航 不错 航空 餐 空姐 服务
0	停 换飞 飞机 换 登机 登机口 时间 富裕 尽显 早 登机 登机口 误点
0	空乘 耳朵 不好 机长 飞过 时间 概念
0	服务 面条 不好 好吃
0	完美 哈哈哈
0	服务 周到 飞机 座位 宽敞
0	飞机 面有 热 座位 距离 太 够 不错
0	稳 足矣
0	扣
0	服务 不错 餐食 差 希望 改进
0	满意
0	机组 组成员 成员 特别 热情 服务 到位 飞行 飞行员 行员 驾驶 技术 常平 平稳
0	前排 排空 空间 够 舒服 第一 第一次 飞机 机上 睡着
0	飞机 新 服务
0	飞机 很大 稳 服务 服务态度 态度
0	不错 起飞 正点 提前 四十 四十分钟 十分钟 分钟 到达 全程 请问 舒适 777 300ER 客机 机头 头等 头等舱 舒服 乘务 乘务员 服务 不错 餐食 差 点 总体 满意
0	满意
0	满意 国航 国航
0	机上 娱乐 力
0	餐食
0	咋样 航班 飞机 始发 餐 说 早餐 谁家 凌晨 一点 吃 早餐 国航 服务 无语
0	不错
0	飞机 飞
0	差 评 原因 头等 头等舱 三亚 接 客人 走 其貌不扬 不扬 只能 座 大巴 差 评 投诉
0	国航 空姐 漂亮
0	10 分
0	飞机 餐 吃 好吃
0	机上 服务 人员 热情
0	整体 不错
0	还行
0	准点 起飞 准点 到达 行李 时间 长
0	提前 29 分钟 到达 体验 满分
0	飞机 太小 飞 五个 小时 A320 坐 舒服 国航 国际 国际航班 航班 餐食 不错 飞机 太小 娱乐 系统 PTV ）， 希望 能用 一点 飞机 飞 这条 航线
0	满意
0	正 點 服 務 尚可 餐食 進 步
0	飞机 新 设施 齐全
0	满意 落地 常平 平稳 空姐 态度 碰到 空姐
0	服务 超级 飞 稳 真的 最佳 选择
0	行李 没拿到 拿到
0	颠簸 剧烈
0	飞行 姗姗 姗姗来迟 男子 推后 后半 半个 小时 起飞 空间 全程 黑脸 送 水 跟前 睡着 睁眼 正 鄙视 看着 无语 演示 氧气 面罩 滴 飞机 很漂亮 漂亮
0	行李 轮子 tm 摔 没了 差 评
0	国航 正点 正点率 选择 满意 国航 服务
0	餐 太差
0	餐食 很大 提升 升空 空间
0	有票 买 高级 经济 经济舱 空间 腿 伸直 脚踏 脚踏板 踏板 发动 发动机 动机 远 安静 真棒
0	满意 首都 首都机场 机场 起飞 起飞时 太久
0	飞机 旧 一排 座位 间隔 KJ nice 眼罩 很快 下次 坐 趟
0	正点 起飞 提前 到达 棒棒 哒 飞行 380 稳 舒服 不愧 空中 女王
0	`|‘
0	时间 提前 降落 平稳
0	服务
0	流量 量控 控制
0	行李 提取 发现 开箱 拉链 链锁 开 密码 密码锁 密码 乱 新加坡 机场 国航 客服 态度 不好 不顾 顾客 客人 几天 行程 行李 行李箱 敷衍 尖酸 多说无益 无益
0	座位 位非 多媒体 媒体 等于 客舱 行李 仓 很小 价格 唯一 优势
0	不太好
0	总体 还算 不错 延误 满分
0	飞机 资料 不准 准确 说 三年 飞机 估计 七八 七八年 八年 早知 搭 南航 787
0	还过 还过得去 过得去 好好 行李 行李箱 摔 大洞 ？？？
0	第二次 二次 做 航班 准点 挺
0	仓位 多座 座位 空 金 卡 免费 升 舱
0	乘务 乘务组 累 高质 高质量 质量 服务 赞
0	服务 各个方面 不错
0	新飞 飞机 设施 加人 人性 人性化 服务 不错 吃 依然 辣 差
0	暖 心 旅行 感谢
0	服务 不错
0	飞机 晚点 七个 小时 有人 解决 解决问题
0	飞机 颠簸 吐
0	准点 起飞 舒适
0	准 准
0	空乘 服务 机型 旧 准点 率 高
0	乘坐 品 質 超 差 餐 點 超 差 機 組 員 無 法 維 持 秩序 糟糕
0	特别 差 晚点 小时 前往 停机 停机位 机位 转 40 分钟 后半 后半夜 半夜 摆渡 车 开 半小时 小时 大点 地方 开 错 停靠 停靠点 费时 费时间 时间 喊 走散 乘客 回来 连续 环节 太差 差劲 23 45 落地 00 30 乘客 送到 航站 航站楼
0	滿 意 空中 中服 服务 不错 可惜 WIFI 空姐 愛 心机 机上 上有 小孩 適 哭闹 耐心 幫 忙 協 助
0	满意 国航 承担 担任 责任
0	牛肉 粉 牛肉 硬 点
0	飞起 点
0	惊悚 惊悚片
0	提前 前半 半小时 小时 到达
0	挺
0	不错
0	不错 呦 快又稳
0	还好 空间 太小
0	准点 餐食 ………… 不好 座位 位非 挤 737 天知道 深 航 塞 座位
0	飞机 晚点 小时 数次 推迟 起飞 起飞时 起飞时间 时间 重影 影响 出差 质量
0	满意
0	飞机 很旧 位子 屏幕 不正
0	满意
0	驾驶 平稳
0	班次 航班 满意 谢谢 谢谢您 辛勤 付出
0	起飞 起飞时 发现 机械 机械故障 故障 修 一晚 晚上 安排 酒店 干净 饭菜 冷 两次 摆渡 车 送回 候机 候机室 小时 行程 拖 24 小时 赔偿
0	晚点 服务 差 ！！
0	摆渡 车 半小时 小时 行李 等待 一个半 半小时 小时
0	服务 服务到位 到位 餐食 还行 飞行 准点
0	挺 下回 选择 国航
0	飞机 机长 降落 太 搞笑 喝 歪 落地
0	提前 小时 登机 提前 20 分钟 起飞 提前 69 分钟 北京 搞 搞
0	座椅 太 迷你 空间 狭隘 差 评
0	餐食 难吃 服务 主动 询问 告知 餐食 选择 脸 板 板 机上 充电
0	餐食 点 水 太 损 国航 脸面
0	餐食 太 难吃
0	谢谢
0	感觉 国航 餐食 真的 难吃 位置 算是 较大 娱乐 系统 不错 好看 电影 服务 人员 态度 次要 选好 座位 做
0	机长 起飞 降落 稳 服务 服务质量 质量
0	餐食 差 饮料 食品 选择 外航 能比 浦东 登机 登机口 空 不用 坐 摆渡 车 国航 中国 栽 旗 航空 得有 有失 失体 体面 亚洲 航空 航空公司 公司 廉价 航空 服务 比国 国航 真不 真不知道 不知 想 选择 国航 第二次 二次 失望
0	飞机 旧 感觉 脏 脏
0	空姐 很棒
0	本次 航班 服务
0	飞机 宽敞 舒适 空乘 人员 服务 满意
0	航班 拥挤 餐食
0	不错
0	提早 20 分钟 到达 ✌️
0	国航 航班 飞行 平稳 时间 控制
0	飞机 旧 出风口 风口 风 效果 时 时 餐食 不错 终于 吃到 国航 好吃 卤肉 卤肉饭
0	飞机 机降 降落 机场 整整 整一 整一个 一个多 小时 行李 没出 服务 效率 一级 级差 八点 八点半 航班 提供 正版 春节 全价 票 发 两个 面包 饮料 送 昆明 航空
0	空姐 漂亮 配餐 少 机 气流
0	理解 航班 落地 过晚 接入 位 摆渡 车 回航 航站 航站楼 喜欢 摆渡 车
0	到达 飞机 滑行 行时 时间 长 乘坐 摆渡 车 到达 出站口 站口 时间 长 估计 滑行 加 摆渡 车 共计 半个 小时
0	果断 国航
0	飞行 14 年 首次 提前 到达 20 分钟
0	晚点 小时 分 飞机 餐 太 寒酸 难吃 三明 三明治 明治 矿泉 矿泉水 泉水 一瓶
0	满意
0	提前 抵达 合肥 完美
0	梦幻 787 棒棒
0	满意 早餐
0	滑行 行时 时间 长 空乘 专业
0	长得帅 长 美 旅程 很快 快乐
0	国航 服务 全程 全程无 笑脸 一副 爱 搭 不理 样子 川航 差 太 远
0	各方 差 评 平生 最差 体验
0	真好 时刻 进程 赞
0	准点 乘务 服务
0	不错 晚起 起飞
0	飞 几年 年终 终于 换 飞机
0	空乘 服务 服务周到 周到 耐心
0	准点 率 太 低 免费 改签 延误 托运 运行 行李 等待 等待时间 时间 长 家 半夜 一点 一点多 希望 尽量减少 量减少 减少 延误 提高 高行 行李 服务
0	服务 服务态度 态度
0	100
0	不错
0	整体 服务 不错
0	不错
0	飞行 平稳 到达
0	服务
0	服务 不错 广播 广播员 英语 说 不错 航班 准点
0	超级 无语 飞机 停 太 远 导致 做 摆渡 车 坐 20 分钟 醉
0	乘务 乘务长 微笑 暖
0	满意
0	最差 旅行 拖延 慢
0	真的 心碎 一点 一点点 点点 航班 准点 率 出奇 低 原本 想着 坐 南航 停 长沙 麻烦 选择 直飞 国航 CA1882 真的 晚点 原定 20 50 起飞 航班 晚点 23 15 起飞 22 00 真的 不敢相信 23 00 起飞 看吧 选择 求 选 一趟 航班 ！！！ 情愿 转机 停 坐 一趟 直航 航班 回 北京 再也 再也不会 坐 一趟 航班 ！！！
0	国航 服务 人员 服务 服务质量 质量 没得 没得说 专业 敬业
0	飞机 服役 时间 太长 机场 贵宾 贵宾厅 理念 较差 那种 山东 山东人 观念 北京 成都 地方 学学 做好 高端 贵宾 宾服 服务 。。
0	国航 越来 越来越 搞 不明 明白 女生 登机 机箱 搬 想 找空 空姐 美女 帮忙 接走 走掉 递送 饮料 空姐 说话 坐在 靠窗 位置 真 害怕 饮料 洒 中间人 人身 身上 赶紧 紧接
0	不错
0	体验 乘客 行李 太多 导致 无处 放置 餐食 潦草
0	飞机 娱乐 设施 国航 飞机 餐 一如 一如既往 难吃 航班 飞机 餐 难吃 吃到 新高 高度 太差
0	旁边 位 说 中文 老外 乘客 乘务 乘务员 全程 崇洋 崇洋媚外 媚外 热心 至少 三位 乘务 乘务员 关心 提供 多瓶 苏打 苏打水 打水 头等 头等舱 餐食 服务 乘客 脱鞋 踩 墙 无视 降落 时 飞机 停 稳 老外 窜 头等 头等舱 乘务 乘务员 未加 阻拦 一点 没看 看清 ）。 1522 乘务 乘务员 这位 外国 友人 特权 再多 舒服 全程 离座 喝水 吃 东西 一位 乘务 乘务员 主动 询问 而为 服务 老外 持续 打扰 休息 1522 乘务 乘务员 老外 国人 等于 不存 ？？ 航班 晚点 落地 摆渡 车 态度 奇葩 分 ？？？
0	满意 机体 体验
0	晚点 两个 半小时 小时 害 航班 赶不上 机票 作废 有没有 有人 负责 国航 晚上 安排 酒店 算 贴心
0	滑行 40 分钟 无话 无话可说 可说
0	还算 正点 到达
0	准点 起飞 提早 26 分 降落 乘务 乘务员 愉快 行程
0	干净 整洁 服务 挺 热情
0	太 窄 维珍 航班 没法 没法儿 法儿
0	晚点 一小 小时 幸亏 汉莎 航空 妥当 安排 赶上 后续 安排
0	准点 加分 空乘 服务 加分 飞机 机上 娱乐 设备 跟不上 机上 厕所 不多 飞机 餐 真的 难吃 一点
0	停 国际 航站 航站楼 楼廊 廊桥 乘客 坐 摆渡 车 出航 航站 航站楼 国航 明天 接 出国 国旅 旅客 倒 省事 国内 旅客 麻烦 看人下菜 下菜 菜碟 不太好
0	误点 挺 落地 耽误 找 停机 停机位 机位 坐 摆渡 车 行李 时间 太久
0	服务 态度
0	旅途 一波三折 三折 机组 机组人员 组人 人员 服 处事 能力 办事 办事效率 效率 值得 点 赞 难忘 体验
0	空中 空中客车 中客 客车 330 243 飞机 10 年 商务 舱 旧 飞行 地图 导出 导出来
0	换飞 飞机 执 飞 早晚 晚点 五小 五小时 小时 硬 说 天气 原因 躲避 赔偿
0	乘务 乘务员 态度 飞机 稳 舒服 飞行
0	第一 第一次 坐 豪华 飞机
0	老外 机长 飞 棒 落地 地滑 滑行 四十 四十分钟 十分钟 分钟 机长 无语
0	服务 飞行 飞行技术 技术 说 330 飞机 舒服 唯一 遗憾 晚点 20 分钟 棒棒 哒
0	还好 飞得 平稳
0	飞行 飞行体 体验
0	新 波音 777 300 正点 影音 设备 不错 电影 玩游 玩游戏 游戏 机上 服务 飞行 平稳 订 儿童 餐 不错
0	空乘 服务 挺 飞机 旧 机型 设备 太 全 usb 接口 电脑 电脑屏幕 屏幕 节目 节目单 单一 每种 种类 类型 节目 真的 无限 循环 播放
0	感觉 不错
0	机长 牛 逼
0	飞机 舒服 服务 T3 D 港 坐 摆渡 车 辛苦
0	北京 霾 挺 哈哈哈
0	座椅 小桌 板 折叠 状态 压 后背 坐 几次 国航 不知 改进
0	出国 国内 旅行 坐 国航 飞机
0	满意
0	飞机 更换 通知 到位 值机 座位 位错 错乱
0	飞机 准点 起飞 提前 到达 机舱 行李 放不下 剩下 不知 睡 一路
0	准点 到达 服务 服务态度 态度 竟是 代表 国家 航空 航空公司 公司 一流 棒棒
0	飞机 机座 座位 差 难熬 长 飞
0	垃圾 飞 补偿
0	ok
0	餐食 超级 难吃 希望 改进 Wi Fi 连上
0	满意
0	摆渡 车
0	满意 简约 简单
0	不错
0	飞机 很小 国航 航班 不错
0	飞机 餐 太差
0	机组 服务 到位 机长 专业 降落 平稳
0	飞行 行颠
0	985 挺不错 不错 上次 飞 旧金山 金山 坐 航班
0	不错 准确
0	第一 第一次 提前 抵达 全程 飞行 平稳 机长 点 赞
0	谢谢 本次 国航 飞机 餐 多难 难吃
0	检查 行李 服 拿走 检查 不知
0	购买 南航 签 转过 机场 耗 飞机 餐食 略显 失望
0	坑 爹 托运 硬生生 生生 拖 一个半 半小时 小时 qnmlgb
0	空姐 漂亮 声音 甜美 服务
0	行李 束 帶 給 搞 沒 ！！ 開 箱 檢 查 沒 關 係 搞 丟 行李 束 帶 嗎 ？？
0	座位
0	头等 头等舱 贵宾 贵宾厅 休息 时 听到 登机 广播 有人 广播 呼叫 姓名 通知 登机 14 20 起飞 飞机 14 06 分 赶到 登机 登机口 时 登机 登机口 关闭 飞机 登机 登机口 检票 检票员 说 飞机 机舱 机舱门 舱门 关闭 不让 登机
0	办理 托运 速度 难
0	吃 很饱 国航 后座 座位 间隔
0	出发 发到 到达 远 机位 做 摆渡 车 之外 都还不 不错
0	豆沙 豆沙包 沙包 永远 不便 变 豆沙 豆沙包 沙包
0	可选 饮料 种类 太少 鲷鱼 烧 甜点 希望 日式 绿茶
0	颠簸 太 厉害 脚 软
0	昨天 抱 孩子 最前 位置 孩子 两周 两周岁 周岁 闹 厕所 被告 告诉 商务 舱 厕所 一小 小会 眼 睁 看着 服务 人员 商务 舱 小孩 开 厕所 门 种差 差别 服务 满意
0	下降 过程 耳鸣 剧痛 舱 压 异常 求助 客舱 服务 人员 未果
0	全新 波音 787 梦幻 舒适 时间 准点
0	挺 满意 提早 提早到 到达
0	莫名 莫名其妙 飞机 小时
0	整体 不错 飞行 过程 中 颠簸
0	机型 差 位置 餐食 差 顿 说 少 乘客 问 空姐 有没有 饼干
0	波音 飞机 坐 空客 有感 感觉
0	国航 宽体 330 超级 经济 经济舱 空间 够
0	不错 餐食 不错 服务 很棒
0	男 乘务 乘务员 素质 有待
0	提前 10 分钟 起飞
0	机型 差 位置 餐食 差 顿 说 少 乘客 问 空姐 有没有 饼干
0	天气 不好
0	中途 颠簸
0	准点 服务 飞行 飞行技术 技术 高
0	很快 飞机 餐 春节 节期 期间
0	晚点 国航 服务 完美
0	坐 刺激 航班 体验 高空 空下 下坠 飞行 飞行员 行员 太 稳
0	睡着 吃到 机 餐 下次 乘客 睡着 喊 飞机 饿 空乘 姐姐 好看
0	牛扒
0	深圳 航空 飞机 一张 毛毯 服务 恶劣 服务 服务员 表情 一脸 不屑 再也 搭 深圳 航空
0	飞机 机设 设施 差 影视 系统 屏幕 看不清 看不清楚
0	飞机 通经 经济 经济舱 想 坐 出超 超级 经济 经济舱 超级 经济 经济舱 坐 公务 公务舱 感觉 经济 经济舱 座位 间距 确实 阿联 阿联酋 航空 空座 空座位 座位 间距 中东 转机 机时 时间 太久 想 直飞 想 座位 间距 想 飞机 餐 好吃 想 服务 想 机票 便宜 经济 实惠 请问 哪家 航空 航空公司 公司 心态 放好 点 满意
0	起飞 起飞前 起飞 空调 不开 闷热 无比 飞机 驾驶 平稳 不错
0	常平 平稳 机长 棒
0	服务 南航 稍差
0	乘坐 公务 公务舱 服务 餐饮 喜欢
0	服务 热情 机上 餐食 一般般 般般 卫生 卫生间 整洁 程度 改进
0	国航 公务 公务舱 服务 餐饮 喜欢
0	满意 飞行
0	餐食 太差
0	747 班 機 坐得 較 安心 機 後 離 航 廈 太 遠 時 間 花 太久 惟一 缺 點
0	娱乐 设备 备用 难熬
0	到达 地面 滑行 40 分钟 摆渡 车 无语
0	买票 买 晚
0	办理 托运 运行 行李 最小 手提 手提箱 提箱 户外 背包 飞机 放行 行李 时 空姐 帮 主动 针 性地 搭 一把 一把手 把手 157 放行 行李 吃力 重 高度 理解 解空 空乘 搬 行李 吃力 女孩 女孩子 孩子 真的 放 困难
0	机务 机务人员 人员 服务 服务态度 态度 耐心 坐 一对 年轻 年轻夫妻 夫妻 婴儿 机务 机务人员 人员 照顾 仔细 耐心 心地 小孩 做好 安全措施 措施
0	航班 准点 服务 还行
0	总体 还行
0	满意
0	飞机 这天 天气 晚点 晚 厉害 好几 好几个 几个 小时 关键 提前 长时间 时间 飞机 接受 受不了 空姐 服务 不错 航班 漂亮 机长 驾驶 技术 不错 大雪 雪天 起飞 平稳
0	垃圾 八个 小时 飞
0	愉快 到达
0	饿
0	满意
0	不错 体验
0	乘务 人员 服务
0	珠海 机场 停车 收费 标准 不明 说 收费 300 元 走 收 410
0	冻死
0	国内 航班 准点 起飞 点 赞
0	提前 到达
0	空 妹 漂
0	不错
0	出门 直选 大牌 航 司 质量 保障 天下 下机 后坐 摆渡 车 空姐 车 走 急忙 旅客 行李 行李箱 水杯 护照 主动 送 上车 贴心 服务 赞 月 号 CA4310 最美 空姐
0	机 餐 差
0	不错 座位 腿部 空间 南航 服务 还好
0	商务 舱 座位 配置 相较 以往 新款 晚餐 不错 值得 推荐
0	起飞 降落 准点 飞行 平稳
0	行李 丢失
0	座位 拥挤 行李 强行 托运 后续 飞机 旅客 托运
0	满意
0	挺
0	乘务 人员 人员素质 素质 有待 提高
0	总体 起飞 稍微 晚 一点 提前 降落 不知 天气 原因 几次 厉害 下降 失重 感觉 真的 难受 平时 晕机 难受 两种 餐 鸡肉 鸡肉饭 鱼肉 饭 没了 鸡肉 鸡肉饭 鱼肉 饭 闻 腥 吃
0	锡纸 鸡肉 汉堡 咸味 太重 省钱 不顾 外形 拿到 到手 鸡肉 馍 状态
0	头等 头等舱 服务 热情 热情周到 周到
0	总体 满意 饭 点 两个 小面包 面包
0	起飞 起飞时 起飞时间 时间 准 抵达 时间 提前 服务 专业 路途 途中 旅客 插 耳机 听到 音乐 空乘 人员 确认 设备 故障 主动 乘客 提供 杂志 消遣
0	乘务 人员 服务 耐心 心细 细致 餐食 饮品 供应 充足 机上 广播 娱乐 娱乐节目 节目 有机 机会 选 航班
0	定好 座位 莫名 莫名其妙 换 发现 换 架飞机 飞机 没人 解释
0	挺
0	不错 航班
0	太 颠簸
0	挺 顺利 到达 取 行李 两个 小时
0	飞机 晚餐 一般般 般般 特别 特别感谢 感谢 空乘 不厌 不厌其烦 加开 开水 一家 一家人 家人 水瓶 水瓶子 瓶子
0	误点 厉害
0	飞机 很大 新 天气 不好 全程 颠簸 厉害 一路 着落 落地 飞机 飞机 估计 恐怖 天气 不好 真心 不合 合适 坐飞机 飞机 恐 高
0	不错 飞机 稳
0	满意 满意哦
0	第一 第一次 坐 747 起飞 降落 平稳 起飞 跑道 不长 该是 四发 强劲 动力 餐食 有机 机会
0	飞机 空调
0	拥挤
0	飞机 机 龄 18 年 保养 不错 客舱 服务 两个 面包 一瓶 水 满意
0	非常感谢 感谢 感谢您 服务 一路 一路平安 路平 平安
0	不错
0	餐食 太差
0	连云 连云港 机场 太大 国际 国际航班 航班 停 不应 机场 免税 免税店 商品 二次 托运 二次 托运 送到 国内 内行 行李 处 送到 国际 行李 处 连云 连云港 机场 做 停 卖票 请 写经 停好 ？！ 机场 工作 工作人员 作人 人员 说 连云 连云港 天都 现行 行李 分 两边 情况 证明 机场 投诉 建议 国航 取消 停 连云 连云港 直飞 飞天 天津
0	国航 做 回 发现 趟 航班 空姐 空 少 质量 最佳
0	太晚
0	晚点 两 小时 博鳌 机场 候机 候机楼 旅客 座位 辛苦
0	饭菜 不好 好吃
0	飞机 飞行 行情 情况 飞机 餐 实在 太 难吃 希望 国航 提高 高飞 飞机 餐 水准
0	体验 新飞 飞机 得劲
0	提前 到达
0	满意
0	明知 晚点 赔付 分解 偷换 换掉 时间 晚 一个半 半小时 小时 登机 登机 晚 半个 小时 多起 起飞 正好 小时 消耗 消耗掉 耗掉 乘客 傻子 无奈
0	集宁 机场 新机 机场 配套 套服 服务 太差
0	明斯克 飞 饭 不错 吃 午饭 饭后 直拉 拉肚子 肚子 怀疑 餐 空 组 依然
0	飞机 太旧 太 破
0	落地 不稳 速度 速度快 在座 座位 震 腰
0	服务 服务态度 态度 特别 唯一 宝宝 餐 只能 啃 面包
0	总体 不错
0	14C座 座位 旅客 可否 下次 旅行 行时 耳机 全程 飞行 影响 请 乘务 乘务员 关心 声音 劝阻
0	气流
0	棒棒 哒
0	飞机 30 分 抵达 行李 50 拿到 一趟 飞机 55 登机 托运 运行 行李 检 告诉 26 登机 问 试试 瞬间 不好 改 登机 登机口 没人 人工 通知 机票 登机 登机口 空无一人 行李 提取 等待 行李 一个半 半小时 小时 泱泱 泱泱大国 大国 缺人 缺 先进 设备 国外 外行 行李 再多 这么久 纪录
0	飞机 机组 生生 生在 连云 连云港 机场 坐 三个 小时 机场 播报 航班 航班信息 信息 不知 飞 晚上 汽车 汽车站 车站 机场 呆 再也 再也不会 会去 转机 停
0	晚点 太 喜欢 飞机 空间 特别 喜欢 着陆 平稳 平稳性 飞行 过程 不错 机长 点 赞
0	佳木斯 机场 太 破 没了
0	晚点 两 小时 三十 三十八 十八 十八分 八分 八分钟 分钟 赔偿
0	座位 靠背 调节 坏
0	真的 零分 巨 远 无比 远 机位 行李 特 丢 差劲 ！！
0	服务 特别 机长 落地 开得 舒
0	服务 服务态度 态度 飞行 飞行速度 行速 速度 很快
0	空姐 很漂亮 漂亮 客气 满意
0	餐食 和服 服务 飞机 太 娱乐 设备
0	解答 答问 时 热情 小朋友 朋友 有空 空位 给予 调换
0	满意
0	321 型 机型 胜 颠簸 飞行 平稳 部 电影
0	取 行李 发现 现行 行李 行李箱 弄坏 弄坏了 掉 轮子 拖拉
0	餐 太 简单 汉堡 早上 上航 航班
0	飞机 准点 舱门 关得 挺 早 务必 起飞 30 分 前 登机 登机口 错过 班机
0	飞 空姐 服务 感觉 急 下班
0	服务 专业
0	飞机 太差
0	晚点 24 分钟 餐食 太 饼 吃 最差 飞机 餐 空姐 不好 好看 胖 丑
0	满意
0	还好 准点 率 太 低 桂林 机场 太 旧 确实 实需 抓紧 改造
0	原订 订好 航班 顺延 到达 较晚 感觉 感觉不好 不好 指定 酒店 安排 住 酒店 一家 名不副实
0	垃圾 中 战斗机 国航 服 机场 行李 小时
0	1L 座位 小桌 板
0	提前 到达 服务 不错
0	餐食 不好
0	飞机 餐 难吃
0	飞机 很大 新
0	晚点 到达 后半 半天 不让 飞机
0	牡丹 牡丹江 丹江 机场 办理 登机 登机牌 号 号 女工 工作 工作人员 作人 人员 表现 冷漠 行李 托运 机器 故障 担误 乘客 办理 手 绪 丝毫 歉意 验 登记 登记牌 男工 工作 工作人员 作人 人员 说话 态度 不好 像是 有情 情绪 机场 工作 工作人员 作人 人员 服务 服务态度 态度 差别 希望 严肃 批评 影响 牡丹 牡丹江 丹江 形象
0	超级
0	差
0	经历 快速 爬升 重 着陆 感觉 麻烦 飞行 飞行员 行员 技术 优秀 旅程 变 舒适 到达 时间 较快 到达 时间 早 不错
0	乘客 素质 太差 航班
0	飞机 机座 座位
0	航程 常平 平稳 机组 机组人员 组人 人员 服务 服务态度 态度 座位 太 舒服 豪华 经济 经济舱
0	满分
0	囯 航 饭 难吃
0	不错 细心 同胞 乘客 素质 依然 有待 提高 管好 孩子
0	绕 天津 机场 二十 二十分 二十分钟 十分钟 分钟 航站 航站楼 提 行李 半个 小时
0	不错
0	机上 上乘 乘务 人员 服务 服务态度 态度 餐食 真的 口 行李 40 分钟 太久
0	服务 不错 国航 老美 美联航 联航 座位 宽 飞 稳
0	喜欢 摆渡 车
0	牛肉 饭 好吃 沙拉 水果 稍 单一 服务 不错 空中 中盘 盘旋 俩 小时
0	起飞 准点 机上 PTV 航图 显示 准确
0	满意
0	乘坐 国航 飞机 新设 设备 服务 欠佳 以往 热情 体贴 例行 例行公事 公事 式 服务 屏幕 小桌 板 污渍
0	爱 中华 号 娱乐 系统 不错 空姐 服务 欠缺
0	满意
0	耳 疼 感觉
0	服务 不错 航班 准点 热 餐食 希望 改进
0	满意
0	提前 前半 半个 小时 信
0	稳 机师 开战 战斗机 晚点 点将 40 分钟 起飞 赶回 赶回来 回来 牛肉 饭 鸡肉 鸡肉饭 八百 八百年 百年
0	飞行 落地 平稳 服务 服务态度 态度 想到 国航 晚点 小时 说法 建议 定相 相关 标准 预备 小礼 礼物 给予 慰问
0	飞机 空客 330 200 采用 242 排列 服务 餐食 不错 提供 三文 三文鱼 米饭 土豆 猪肉 虾仁 鸡肉 炒饭 意大利 大利 面 娱乐 设施 较差 充电 设施 屏幕 清晰
0	驾驶 驾驶员 稳
0	机 餐 挺
0	33 排 饮料 服务 差点 备降 降落 一杯 咖啡 干 想 再加 一杯 杯水 有机 机会
0	满意
0	到达 停机 停机坪 太 远 ！！ 坐 摆渡 车 十几 十几分 十几分钟 几分 几分钟 分钟 ！！
0	挺 744 給 換 成 773 希望 國 航 換 飛 機 這 經 第二次 二次
0	服务 服务态度 态度
0	正点
0	国航 态度 一如 网上 评价 乘务 乘务员 乘客 态度 真 敷衍
0	国航 餐饮 太差
0	哈哈哈 提前 早
0	乘务 小姐 小姐姐 姐姐 用心 司机 驾驶 技术
0	航班 后半 后半部 半部 小孩 小孩子 孩子 哭 吵 坐 红眼 航班 一种 折磨 建议 孩子 旅客 孩子 旅客 分开 影响 乘客 旅行 体验 谢谢
0	飞机 机上 一小 小时 临时 乘客 飞机 找 行李 ，， 不知 不早 一点 飞机 全机 陪 ，。 真 临时 紧急 急事 事儿 ，，， 。。。 飞机 餐 ，， 晚起 起飞 一小 小时 降落 晚 十分钟 分钟 ，， 满意 晚点 航空 航空公司 公司
0	一路 走来 空 重 服务
0	全程 平稳
0	公 務 艙 食品 提供 有待 沒 酒 提供 座位 布局 升 級 娛 樂 說 國 際 無 法 接 軌
0	晚 半个 小时 下次 坐 海航
0	国航 很大 大气 不停 给水 饭 地面 协调 落地 首都 先是 滑行 不停 停 摆渡 车 机场 转圈 相当于 当于 空中 准点 落地 小时 理解 首都 首都机场 机场 拥堵 飞机 机上 通知 播报 旅客 干 对外 外界 一无所知 无所 所知 客户 体验 太差
0	天津 机场 太 傻子 。。。。 前 续航 航班 晚 说 流量 管控
0	趟 航班 起飞 起飞前 前晚 晚点 到达 提早 不用 担心 整体 感觉 很棒
0	准点
0	准 餐食 满意 坐 飞机 头 准点 起降
0	地勤 乘务 乘务员 机长 优秀 ！！！
0	还行 航空 服务 服务态度 态度 特别 贴心 感觉 地方
0	机组 机组人员 组人 人员 服务
0	行李 满意
0	确实 不错 机组 水平 高
0	国航 太旧 国际 国际航班 航班 第一 坐 摆渡 车
0	箱子 托运 摔坏 理赔
0	飞机 晚点 小时 飞机 机上 困 一个半 半小时 小时 起飞 晚餐 七点 吃 孩子 饿坏
0	乘务 乘务员 帅 服务
0	满意
0	国航 头等 头等舱 确实 不错 机场 自助 自助餐 自助餐厅 餐厅 休息 休息区 吃 正 饿 听到 登机 走过 距离 稍微 远点 点儿 155 162 机上 上空 空间 很大 飞机 新 貌似 波音 787 梦想 客机 诶 不小 小心 体验 一把 hiahia 座椅 舒适 服务 服务态度 态度 特别 空姐 微笑 加水 水果 抱歉 飞机 说 坐 摆渡 车 老公 穿 短袖 北京 零下 零下温度 温度
0	国航 服务 温馨 热情
0	说 机械 机械故障 故障 延迟 起飞 说 厕所 故障 诚信 诚信度 信度 可想 可想而知 22 35 起飞 飞机 一度 拖延 延到 05 起飞 敌 国航 差 评
0	早餐 真的 不好 好吃 空姐 很漂亮 漂亮 亲切
0	国航 服务 真的 如以 讲解 示范 飞机 餐 凉凉 凉凉的 面包 加 两片 火腿 两片 黄瓜
0	差 评 差 评 差 评 满意 满意 满意
0	不错 飞行 舒适 行程 顺利 服务
0	飞机
0	国航 成 内蒙 内蒙古 蒙古 航空 航空公司 公司 晚起 起飞 45 分钟
0	飞行 挺 平稳 成都 坐 摆渡 车 广州 接连 连通 廊桥 餐食 不失 辣 辣
0	飞机 特别 舒适 经济 经济舱 航空 航空公司 公司 高端 经济 经济仓 宽敞 舒适 飞机 a380 行程 特别 稳 机场 逗 广播 里 感觉 快乐 小男生 男生
0	感觉 感觉良好
0	屏幕 报 点 起飞 起飞时 起飞时间 时间 15 分钟 登机 改出 出发 时间 说 就让 干
0	差 尾 航班 定要 列 黑名 黑名单 名单 深圳 登机 最远 62 过程 中 晚点 一小 小时 四十 四十分钟 十分钟 分钟 降落 早早 关闭 洗手 洗手间 下机 天一 杨 远 坐 摆渡 车 耽误 耽误时间 误时 时间 列入 黑名 黑名单 名单 定要 慎 入
0	机舱 环境 整洁 服务 服务态度 态度 友善 周到
0	不错 飞机 声音
0	满意
0	服务 服务周到 周到 赞
0	满意
0	小时 时延 延迟
0	行李 时间 长
0	提早 提早到 到达
0	不错 航班
0	天天 晚点 前 一班 晚点 天气 晴空 晴空万里 万里 晚点 真的 受够 班 飞机 大连 飞 香港 一班 坐 垃圾 飞机 国航 反思 打分 星 不想
0	满意 有机 机会 做 国航 旅行
0	简单 简洁 旅途 简
0	取 行李 时间 太长 航班 一道 出行 行李 现场 混乱 希望 改进
0	总 感觉 机上 服务 每次 国航 领取 行李 规则 明明 挂 优先 行李 每次 拿到 无奈
0	服务 热情 一点
0	不靠 廊桥 走 很远 行李 慢
0	舒适 飞机 两顿 正餐 服务 满意
0	服务 服务态度 态度
0	提前 到达 飞行 感受
0	餐食 需 改进
0	国航 餐饮 太差 太差 太差
0	不错 延误 飞行 飞行员 行员 力 延误 时间 追回 追回来 回来 提前 到达 点 赞
0	飞机 准点
0	起飞 飞机 飞机场 机场 场下 大雪 准点
0	飞机 机上 旅客 行李 降落 火车 站 BGM
0	气流 抖 有点儿 点儿 厉害
0	餐食 难吃
0	满意
0	满意 旅行
0	机长 飞行 飞行技术 技术 不错 乘务 乘务员 服务 不错
0	降落 时 飞机 左 打斜 够 吓人
0	临时 更换 轮胎 耽误 误点 时间 还好
0	座位 宽度 三个 男子 子会 感觉 挤
0	晚点 不通 通知 直待 待定 登机 飞机 机上 坐 小时
0	太 挤 出发 发上 上楼 楼下 下楼 摆渡
0	客 仓 服务 少 环节 餐 不好 好吃 少 餐 饮料 服务
0	机位 太 远 成都 最远 机位 北京 落地 滑 20 分钟 摆渡 车 10 分钟 真 没见 远 停机 停机位 机位
0	买票 写 餐食 乘坐 一瓶 冰 矿泉 矿泉水 泉水
0	第一 第一次 满意
0	早起 起航 航班 不错
0	长时间 时间 座 国航 航班 飞机 机型 陈旧 空姐 服务 标准 规范 空姐 姐们 可爱 迷人 餐饮 一如 一如既往 可口 一句 话 值得 信赖
0	饭菜 少 点 很棒 舒适 座椅 脚踏 脚踏板 踏板 影音 系统 几天 前 上映 电影
0	准点 舒适 服务 服务周到 周到
0	准点
0	误点
0	服务 不错 餐食 太差 难吃 鱼肉 饭 海鲜 饭 飞机 飞 稳 准点 廊桥
0	满意
0	满意 飞机 噪音
0	吃 实在
0	机场 机上 服务
0	比较满意 满意
0	总体 国航 名气 匹配
0	乘客 态度 差别 用餐 时 乘务 乘务员 希望 前排 排外 外籍 乘客 椅背 调 直 用餐 乘务 乘务员 不予 回应 尝试 两名 乘务 乘务员 沟通 皆 中国 乘客 调 直 椅背 唤醒 调 直 座椅
0	空姐 美 温柔
0	飞机 一阵 混乱 地勤 地勤人员 人员 举 牌子 写 大阪 身后 两辆 两辆车 辆车 大阪 大连 关键 大阪 大连 停 问 大连 上错 错车 好多 乘客 上错 后车 开 30 米 下车 病 行李 混乱 换 转盘 超级 久 天津 机场 地勤 不行
0	机上 餐食 很棒 德芙 巧克力 力
0	晚点 说 飞机 机上 每人 小面包 面包 说 北京 带来 到达 达州 晚点 达州 机场 安排 餐食
0	晚点 两个 半小时 小时 广州 滑行 20 分钟 不到 飞机 厉害 没给 解释 说 航空 空管 管制
0	提前 前半 半小时 小时 到达 力
0	波音 787 新飞 飞机 设备 设备齐全 备齐 齐全 不错
0	吃饭 全程 睡觉 国航 食物 提高 高一 外空 空姐 寻 舱 频率 太 高 可喜 国航 国际 国际航班 航班 每次 次要
0	行李 丢
0	晚点 到达 早餐 一碗 白粥 国内 航班 餐食 实在 无话 无话可说 可说 邻座 妈妈 小朋友 朋友 哭 两个 小时 想 飞机 补 觉 女儿 实在 煎熬
0	机场 服务 满意 三号 航站 航站楼 D 区 服务 真的 差劲 头等 头等舱 安检 通道 餐厅 建议 C 区 D 区 联通 C 区 吃 东西 D 区 加 好吃 餐厅 机组 服务 满意 希望 微笑 再多 多一些 服务 真的 到位 南航 那种 亲切 亲切感
0	不错
0	服务 没得 没得说 国内 大公 公司
0	趟 飞机 空哥 空姐 服务 服务态度 态度 礼貌 笑容 。。。 飞机 太古 古老 娱乐 系统 效果 太差 吃 国内 国内航线 航线 展示 博大 博大精深 精深 饮食 饮食文化 食文化 文化 。。。 经济 经济舱 座位 窄 。。。 分 服务 服务态度 态度 满脸 笑容
0	空乘 人员 友善 回答 答问 弯腰 满意
0	连着 晚点 转机 改签 行李 不到 第二天 二天 送 垃圾
0	机组 机组人员 组人 人员 服务 特别 到位 下次 选择
0	特别 满意
0	杭州 安检 态度 差 莫名 莫名其妙 流量 量控 控制 晚点 两个 小时 航 餐 质量
0	头等 头等舱 服务 到位 咯
0	特别
0	总体 满意 行李 等待 太久
0	满意 延迟 一小 小时 起飞 从头到尾 广播 工作 工作人员 作人 人员 告知
0	行李 延迟 不错
0	满意
0	不好 行李 未 抗 托运 带来 麻烦
0	飞机 空间 不错 乘务 乘务员 服务
0	以往 乘坐 航班 稳 舒适 舒适感 不好
0	空姐 体贴
0	架飞机 飞机 17B座 座位 坏 调整 靠背 调整 靠背 调整 !! 事情 说 三遍
0	棒棒 棒棒 哒
0	总体 提前 行李 比较慢 较慢
0	飞机 靠椅 舒服 太薄 面有 动静 能感 感受
0	不出 不出意外 意外 双流 摆渡 车 双流 机场 听到 到任 广播 是因为 推车 车上 面有 信息 展示 不用 会用 人群
0	航班 神奇 早 服务 服务态度 态度
0	国航 早餐 不好 好吃 748 37A 窗 切记 切记
0	餐饮 差 点 后半 后半段 半段 矿泉 矿泉水 泉水 喜欢
0	空乘 挺 饭食 还过 还过得去 过得去 点心 不太好 好吃 样子 挺 好看 飞行 过程 颠簸 我家 家小 小孩 晕机 差点 吐
0	地机 机组 服务 真切
0	月 25 日 CA1223 航班 机组 组工 工作 工作人员 作人 人员 服务 太棒 太棒了 机长 提前 前半 半个 小时 抵达 达西 西安 意外 惊喜 牛肉 烧饼 好吃 网友 评价 加热 温度 恰到好处 好处 客舱 小伙 小伙子 伙子 乘务 乘务员 深深 鞠躬 令人 印象 深刻 100 分 ！！！
0	坐 两次 摆渡 车 停 麻烦 成都 一个多 小时
0	飞机 餐饮 空乘 微笑 微笑服务 服务 飞机 准时 起落 航程 平稳 满意
0	两餐 间隔 长 时间 稍微 微缩 缩短 一点
0	一颗 星 不想 ！！！！ 说 流量 管制 说法 何解 解释
0	托运 运行 行李 慢
0	餐饮 差 服务 不错 飞机 机设 设施 很久 经济 经济仓 娱乐 屏幕
0	窗 拍 美图 服务 总体 满意
0	飞机 开 太 野 耳朵 全程 涨 加速 减速 太 频繁 降落 滑行 至少 二十 二十分 二十分钟 十分钟 分钟 不知 滑倒 坐 接驳 车 滑 二十 二十分 二十分钟 十分钟 分钟 接驳 车 司机 愣头青 急刹车 刹车 一车 倒 半车 无语 体验 极差
0	机型 座椅 头 凹陷 睡觉 头部 支点 早班 一种 中式 白粥 一种 西式 土豆 火腿 口味
0	吃 真的
0	老样子 样子 空乘 点过 严肃 餐食 两顿 正餐 空姐 做 广播 英文 太
0	摆渡 车 搞 半个 小时 机场 差 评 差 评 差 评 。。。。。 国 行 差 点 钱 大个 飞机 搞 三个 摆渡 车 接 。。。。。
0	机组 服务 到位
0	飞机 机型 型号 太 真心 这条 航线 当回事 回事
0	国航 国际 线 不错 国内 内线 很烂 餐食 小气 早餐 不好
0	舒服 服务
0	坐 商务 舱 服务 主动 热情 菜品 还都不 不错 好几 好几年 几年 没吃过 甘蔗 虾 满意 乘务 乘务员 不错
0	下降 较快 耳朵 难受 空乘 服务
0	午饭 好吃
0	好好 好好
0	航机 故障 心态 巨 崩
0	国航 飞机 北京 北京机场 机场 半个 小时 没人 开 舱门 醉
0	空中 空中小姐 小姐 小姐姐 姐姐 好看 幽默
0	国航 飞机 餐 最差
0	吃 少
0	愉快 飞行
0	晚点 服务 服务态度 态度 差
0	每次 提前 真棒
0	不错
0	座位 紧凑 热饮
0	飞机 晚点 箱子 砸碎 四个 轮子 剩 三个 箱子 整体 开裂 航空 航空公司 公司 司运 运行 行李 暴力 没想 没想到 想到 飞机 车里 扔 箱子 500 块钱 买 新 箱子 赔 50 块钱 破 箱子 感觉 使劲 碎 回去 泰国 停 换飞 飞机 箱子 刮 刮 横
0	整体 不错 到达 后坐 摆渡 车 时间 太久
0	服务 航班 正点
0	亮点 提前 落地
0	整体 不错 飞机 餐 太 简单 大中 中午 饭
0	挺
0	体验 差 座椅 拥挤 闷热
0	挺 登机 下机 摆渡 车 挺 折腾 希望 至少 廊桥
0	订 班 经常性 常性 延误 到达 坐 摆渡 车 昨天 飞机 机上 两个 小时 起飞 落地 飞机 第一 第一次 摆渡 车 半小时 小时 醉
0	服务 服务态度 态度 座位 挤 点
0	饮食 供应 说好 米饭
0	中午 飞机 餐 饮料
0	机上 服务 满意 到达 机场 搭乘 摆渡 车 感觉
0	12 04
0	起飞 晚 20 分钟 提前 到达 飞行 平稳 餐食 水平
0	回程 晚点 一个多 小时 服务 还算 飞机 机座 座位 较窄
0	晚点 约 半小时 小时 飞行 顺利 起降 平稳
0	满意 误 机 休息 休息时间 时间 保证
0	准点 起飞 更好 提前 前半 半小时 小时 北京 不错 乘务 乘务员 漂亮
0	不错 餐食 太 简单
0	名符其实 准
0	航班 班超 售 免费 升 舱 公务 公务舱 标准 水平 高 国航 年 机 龄 333 保养 不太好
0	服务 到位
0	天气 影响 延误 整体 服务 不错
0	服务 乘坐 舒服 特别 准点
0	服务 机票 还算 便宜 一小 小瓶 冰凉 矿泉 矿泉水 泉水 有别 老人 孩子 想 喝 热水 咋办
0	时间 短 全程 全程无 服务
0	下降 过程 中 感觉 不适
0	十分满意 满意
0	空姐 服务 服务态度 态度 好烂
0	一般般 般般 天气
0	地勤 服务 务实 实在 实在太 太差 差劲 头等 头等舱 经济 经济舱 起坐 摆渡 车 坐飞机 飞机 ✈️ 这么久 第一 第一次 噢
0	不错
0	体验 不错 餐 不错
0	提前 15 分钟 目的 目的地 赞
0	餐食 太
0	速度 挺快
0	总体 不错 提前 20 分钟 到达 满意
0	不错
0	空乘 热情 负责 国航 公务 公务舱 改良 空间 大加 加宽 腿 舒服 少 卫生 卫生间
0	点 飞 晚点 降落 时 飞行 飞行员 行员 驾驶 水平 实习 两地 地温 温差 情况 航空 航空公司 公司 提供 廊桥 穿 短衣 衣裤 旅客 乘坐 摆渡 车
0	座位 很窄 飞 长途 舒服
0	国航 头等 头等舱 餐食 好好 做 几条 精品 航线 经济 经济舱 主 餐 拿来 换 盘 感觉
0	出发 机场 场地 地勤 极差
0	飞机 飞行 飞行技术 技术 晚点 六个 小时 官方 方正 正式 解释 道歉 补偿 半夜 京 几个 小时 上班 班上 上学 醉
0	服务 热情 讲解 耐心
0	准点 率 太差 平时 国航 周日 航班 回 北京
0	少有 准点 到达
0	飞机 晚点 出港 前序 旅客 延误 想 此种 情况 请到 机场 乘坐 坐飞机 飞机 服务
0	机型 服务 不错
0	满意
0	商务 舱 空间 第二排 二排 经济 经济舱
0	国 行 服务 差
0	不错
0	满意
0	满意 提前 到达 机上 服务
0	飞机 餐 太差
0	满意
0	机 餐 供 稀饭 挺 配 咸菜 憾
0	全程 飞行 平稳 服务 餐饮 感恩
0	首都 首都机场 机场 行李 提取 慢
0	国航 空姐 空 少 很细 细心 耐烦
0	国航 空姐 高 冷 笑 少 笑 骄傲 看着
0	提前 超 赞
0	服务
0	机上 服务 服务态度 态度 机上 餐饮
0	不错 服务
0	提前 到达 服务
0	机组 机组人员 组人 人员 礼貌 服务 服务态度 态度 机上 餐食 不错 航空
0	飞机 忽上忽下 是因为 气流 原因 飞行 飞行员 行员 技术
0	刺激
0	特别 app 出国 国旅 旅行 必备 推荐 推荐
0	延误 误点 时间 接受 凌晨 一点 一点多 到达 行李 一个多 小时 行李 飞机 起到 到达 无语
0	降落 恐怖
0	通经 经济 经济舱 座位 间距 标准 身材 说合 合适 长途 不累
0	临时 更改 登机 登机口 换成 摆渡 车 半天 天安 安排 不好 发车
0	中规中矩
0	不愧 国航 服务 飞行 平稳
0	停 连云 连云港 机场 服务 太差 等候 半小时 小时 候机 候机厅 极冷 有空 空调 调温 温度 调节 无任 服务 航线 安排 热带 飞过 飞过来 本来 停 行李 托运 不经 停下 飞机 温度 机场 太 无话 无话可说 可说
0	国航 77W 很棒 机长 技术 不错 两会 会期 期间 服务 不错
0	服务 到位 配餐 有待 提高
0	坐 太难受 难受 感受 最差 机上 上好 好几 好几个 几个 吐 晕 不行
0	海关 海关检查 检查 証 件 行李 太 乱
0	正点 很快 飞行 平稳
0	机舱 舱内 气压 不稳 耳朵 不适 不适症 症状 很严 平时 耳朵 不适
0	要能 平安 落地 飞机
0	差 评 餐食 和服 服务 差 忍 落地 永远 永远都是 坐 摆渡 车 凌晨 一点 堂堂 国航 凌晨 一点 不到 停靠 位 票价 永远 折扣 无数 无数次 数次 心底 差 评
0	空乘 服务 不错
0	满意
0	短 航线 饭 点 花生 花生米 生米
0	方便快捷 快捷
0	天气 原因 机场 反应速度 速度 较慢 航空 航空公司 公司 未 给予 予及 通告
0	28 吉林 大雪 浦东 东起 起飞 后备 备降 北京 后晚 晚上 10 点 起飞 凌晨 长春 客舱 服务 餐食 不错 天气 原因 导致 行程 耽搁 很久
0	不错 下次 定会 乘坐
0	两个 福建 男人 人大 大声 聊 一路
0	晚点 第二天 二天 点 北京 没开 舱门 估计 完 行李 点 tama 回家 回家路上 路上 一小 小时 家 洗洗 洗脸 脸上 上班 ctmlgb
0	不错
0	飞机 食物 饮料 太 简单
0	飞机 太 设施
0	提前 发 耳麦
0	整体 还行 值得 推荐
0	成都 东京 联程 机票 东京 行李 没到 北京 中转 服务 太 不行 客舱 服务 不错 气流 应对 到位
0	飞行 平稳 服务
0	还好 太 累
0	昆明 昆明机场 机场 航班 晚点 通知 登机 登机口 工作 工作人员 作人 人员 好不容易 不容 登机 通知 登机 默默 真的 影响 体验
0	国航
0	绵阳 机场 服务 差 头等 头等舱 安检 通道 不开 开放 被迫 经济 经济舱 排 大队 安检 安检 混乱
0	平淡 平淡无奇 无奇 坐
0	灰 满意
0	飞机 抖动 呕吐 吐出 吐出来 难受 半小时 小时 抖动 时间 长 5o 分
0	乘务 水平 不错 餐食 计划 智能 想 点 咖喱 咖喱鸡 鸡肉 鸡肉饭 差 选择 鱼肉 饭
0	座椅 靠背 调节 角度 太小 长途 长途飞行 飞行 舒服
0	飞机 舒服 平稳
0	国航 座位 间距
0	服 務 還
0	飞机 新 第一 第一次 感觉 国航 南航 服务 效率 效率高 真不 真不错 不错 提前 落地
0	服务 周 周到 空姐 漂亮
0	整体 整体感 感觉 不错 早餐 希望 增加 辣酱 四川 出发 还好
0	服务 热情
0	只能 喝一杯 一杯 杯水 全程 发 一袋 25 克 花生 花生米 生米 米果 果仁 小吃
0	准点 空调 力 热
0	满意 出行 空姐 很棒
0	特意 订 CA 第一 第一次 坐 CA 新 开 北京 布里 布里斯 布里斯班 里斯 班 航线 放 后舱 第一 第一排 一排 过道 位
0	很顺 顺利
0	准点 率 33 浪得虚名 虚名
0	空乘 服务 服务态度 态度 专业 专业性 强 相比 乘务 乘务员 班 航班 乘务 乘务员 服务 服务质量 质量 不错 早餐 很棒 男 乘务 乘务长 长工 工作 仔细
0	太 颠簸
0	愉快 行程 空姐 姐们 友好
0	满意
0	真棒 延 机 五个 小时
0	不错
0	飞机 餐 太差 正餐 送 包子 冰
0	空乘 专业 工作 井然 井然有序 有序 餐食 服务 快速 微笑 甜美
0	集体 晕机
0	还好 早晨 15 飞机 大连 连有 雾 机舱 里 坐等 两个 小时 之间 乘务 乘务员 发 一瓶 水 算是 安慰 乘客 晚点 接 英国 回来 客人 坐 11 55 飞机 不及 改签 下午 16 40 飞机 不想 趟 飞机 晚点 17 30 起飞
0	行程 常规 常规化
0	座位 舒服
0	满意
0	飞机 晚点 两头 远 机位 飞机 落地 五十 五十分钟 十分钟 分钟 钟行 行李 不到
0	吃 国航 里 算 不错 服务 服务态度 态度 不错 机枪 娱乐 约等于 等于
0	服务
0	飞机 餐盘 麻烦 不太好 收拾 建议 改成 餐盒 鸡肉 鸡肉饭 好吃
0	坑 货 国 行 杭州 到达 摆渡 车 。。。。。
0	舒适 舒适度 适度 娃娃 空姐 服务
0	餐点 不行 机上 设施 旧 国际 线 航班 水平 托运 运行 行李 限 一件 別 家 30kg 件数 国航 限 一件 20kg 餐点 給 小面包 面包 ⋯⋯， 急 走 沒 选择 打死 搭 国航 广发 朋友 告知 別 搭 国航
0	服务 正点 到达 下次 乘坐
0	下落 时 太 稳定 导致 头晕 恶心 失重 感 强
0	座位 宽敞 舒适 电视 好看 首选 选好
0	国航 系 飞机 增加 超级 经济 经济舱 乘坐 几个 航班 前 几排 空余 一班 例外 没人 人愿 付费 升 舱 不作 高阶 会员 福利 资源 浪费
0	整体 服务 不错
0	餐食 起降 平稳
0	搭乘 中国 中国国际航空公司 国际 国际航空 国际航空公司 航空 航空公司 公司 机型 空客 A330 舒适 舒适度 适度 高 机务 机务人员 人员 服务
0	飞机 延误 四个 小时 五个 小时 到达 武汉 取 行李 处 行李 转盘 迟迟 不到 感觉 半个 小时 出行 行李
0	热情 细致 周到 服务
0	换 完 登机 登机牌 安检 姑娘 超级 冷漠 语气 强硬 一塌糊涂 糊涂 机上 上乘 乘务 乘务员 睡醒 服务 餐食 难吃 面包 哈哈哈
0	国航 航班 服务
0	天大 大连 刮 大风 空中 略有 颠簸 驾驶 驾驶员 控制 全程 比较满意 满意
0	不错
0	不错 伙食 差 点
0	非常感谢 感谢 中国 国际 国际航空 航空 AC183 一路 一路平安 路平 平安
0	睡觉 打扰 吃 旁边 满意
0	误点 三个 小时
0	飞机 ✈️ 飞行 平稳 时 机 仓 服务 服务员 温馨 周到 体验 舒适 下次 选 国航 ，，，
0	头等 头等舱 餐食 服务 时间 慢 后上 餐 乘客 用餐 时间 紧 飞机 摆渡 距离 距离远
0	误 机
0	航班 新
0	唯一 遗憾 wi Fi
0	服务 适逢 春节 机上 化妆 化妆品 八折 划算
0	准点
0	C31 登机 登机口 T3 里 最远 登机 登机口
0	远 机位 太慢
0	国航 中规中矩 每次 乘务 乘务长 打招呼 招呼
0	餐饮 缺少 水果
0	机舱 热 饭 还行
0	服务 人员 热情 热情周到 周到
0	程 宽体 飞机 花钱 柜台 升级 商务 舱 票 时间 长 半天 天才 办好 商务 舱 平躺 舒适 餐食 食味 味道 不错 空乘 服务 服务态度 态度 须要 吐 槽 国航 航空 空乘 英语 发音 实在 太 标准 听 不应 该是 国家 航空 航空公司 公司 水平 求 好好 练练 发音 标准 机长
0	饭 不好 好吃
0	太差 差劲 回国 行李 三个 没到 回 悉尼 行李 没到 未免 概率 太 高 ！！ 国航 航机 机票 行李 没到 脑子 子长 包 破 服务
0	满意
0	行李 到达 太慢 太慢 太慢 ！！！！ 做 飞机 行李 到达 最慢 ！！！！ 小时 行李 没出 ！！！！ 二程 专机 行程 耽误 工作 工作效率 效率 ！！！！ 差 评 差 评 差 评 ！！！！
0	服务 赞 \(≧▽≦)/
0	不错
0	餐
0	飞机 独立 电视 可选 电影 鱼肉 饭 里 鱼丸 都还不 不错
0	吃 实在 不敢恭维 恭维 米饭 烂 糟 糟 吃 两只 硬硬 面包 飞到 半路 饿 问 空乘 饼干 干杯 面 回答 空乘 自带 吃 二餐 过后 放 一包 曲奇
0	魚 肉 玉米 焗 飯 滿 好吃 班 機 準 點 抵 達 飛 行 平 穩 空 服人 員 和善 禮 沒 一台 電 視 這 點 差 餘 ok
0	机场 太 热 空调 无效
0	飞行 平稳 噪声 稍 有点儿 点儿 服务 期待 下次 体验
0	good
0	提前 10000 积分 积分换 经济 经济舱 第一 第一排 一排 35J 座位 换 得有 贵 飞机 发现 值得 邻座 设为 机组 专座 安排 乘客 测 第一 第一排 一排 坐满 三个 舒服 腿部 空间 超级 经济 经济舱 超 一排 宽敞 提前 前提 提供 报纸 餐饮 起飞 提供 味道 还好 飞行 途中 正餐 外 提供 两 三次 饮料 服务 节目 接受 反正 喜欢 纪录 纪录片 新 电影 高 不知 国航 航线 免税 免税品 销售 加大 力度 提供 折扣 空姐 销售 热情 高涨 以往 推着 车 很快 不厌 不厌其烦 回答 乘客 化妆 化妆品 知识 支付 环节 貌似 导致 好几 好几个 几个 空乘 一两 一两个 两个 乘客 嘀嘀 嘀嘀咕咕 嘀咕 咕咕 很久 乘客 不爽 将来 无线 覆盖 提高 机舱 舱内 shopping 体验 更多 电子 电子化 子化 手段 提升 既保证 保证 生动 免税 免税品 展示 提供 万米 高空 独特 心理 购物 物体 体验 抢购 团购 航程 时间 做 类似 一秒 销售 尽量避免 乘客 打扰
0	座位 太小 春秋 热 憋屈 屈死 热 憋死
0	客舱 设施 太差
0	国航 服务 每次 小面包 面包 打发 改成 饭 面条 东西
0	挺不错 不错
0	飞机 晚点 20 多分 多分钟 分钟 服务 托运 运行 行李 时间 长
0	飞机 空姐 凶
0	机场 服务 差 机上 服务 差
0	说实话 实话 飞机 做 确实 太 舒服
0	晚点 说 服务 不好
0	飞行 平稳
0	行程 还行 托运 旅行 旅行箱 磨损
0	值机 机时 时间 要说 网上 值机 柜台 值机 两个 值机 机时 时间 误导 乘客
0	满意
0	不错 体验 工作 工作人员 作人 人员 机组 热情 贴心
0	整体 服务 服务满意 满意 希望 路标 完善
0	飞机 新 正点
0	落地 颠簸
0	全程 全程无 无忧 很棒 团队
0	飞机 开 跟过 过山车
0	挺
0	飞机 提前 前半 半小时 小时 行李 延迟 一小 小时 没出
0	机场 太 乱 太 拥挤
0	满意
0	行李 太慢
0	空间
0	太 颠 脚 汗
0	晚 小时 机组 机组人员 组人 人员 态度 倒杯 橙子 小朋友 朋友 无视
0	春运 海南 南往 往返 往返机票 机票 飞涨 情况 准点 起飞 提前 降落 点 赞
0	感觉 以往 飞得 半小时 小时
0	热饭 近几年 几年 做 最差 航班 面包 牛肉
0	最差 国航 乘坐
0	飞机 新 机组 服务 接地 轻
0	国航 ✈️ 力
0	准点 飞机 环境 服务 服务 人员 形象 广播 英文 超 赞
0	航班 准点
0	飞机 破旧 椅子 烂
0	英语 口 播 外国 外国人 国人 中国 国人 听不懂
0	腰痛 问 空 少 枕头 走过 忘 没给 答复
0	烂 飞机 椅子 坏
0	食物 太差
0	服务 差 航空 餐 冷藏 加热 发给 热 吃 肚子 肚子疼 飞机 到达 目的 目的地 不通 通报 提取 行李 转盘 东方 东方航空 航空 空相 相比 差远 差远了 再也 再也不会 选择 国航
0	很快
0	飞机 电视 电视机 坏
0	中途 颠簸 座位 太 舒服 餐食 食味 味道
0	升级 超级 经济 经济舱 餐食 尚可
0	运城 降落 时 飞机 机降 降落 分剧 剧烈 揪心 空中 中服 服务 满分
0	有人 打架 影响 点 行程
0	反正 国航 样子 不好 不好不坏 不坏 胜 准点
0	航班 准点 登机 机 远 机位 上上 上上下下 下下 挺 辛苦
0	飞机 坐 舒服
0	飞机 空姐 热情 漂亮 且为 照顾 宝宝 托运 处 特意 帮忙 协调 座位 特别 热心 国航 棒棒 后继 支持 国航
0	执 飞 飞机 年 机 龄 设备 最新 网络 机组 服务 服务态度 态度 不错 飞行 过程 平稳
0	坐 无数 无数次 数次 国航 飞机 晚点 真 没法 评价 关键 坐 摆渡 车
0	不错 体验
0	不错 餐食 low
0	是夜 夜间 航班 何事 事宜 情况 机舱 舱内 灯光 一会 关掉 一会 全部打 打开 重影 影响 休息 ！！！
0	太 热
0	执 飞 飞机 年 机 龄 设备 最新 网络 机组 服务 服务态度 态度 不错 飞行 过程 平稳
0	机场 停靠 太 远
0	飞行 飞行员 行员 起飞 抬 轮有 猛
0	飞机 机座 座椅 舒服 经济 经济舱 座椅 短 窄 机上 娱乐 单一 屏幕 分辨 分辨率 辨率 非常低 USB 充电 口 遥控 遥控器 不好 播放 小时 健身 健身操 机上 Wifi
0	准点 飞行 平稳 餐食 食口 口味
0	平稳 飞行 餐食 没什么 说
0	满意
0	预估 飞 准
0	分
0	乘务 乘务员 态度 不好
0	联程 航班 不等 没赶 赶上
0	除夕 发 份 饺子 味道 心意 领
0	机 餐 吃出 出头 头发
0	棒 飞机 飞 太 预计 计时 时间 早 四十 四十多 四十多分 四十多分钟 十多 十多分 十多分钟 多分 多分钟 分钟
0	总体 国航 一如 一如既往 座位 前 应急 过道 两个 烧包 是因为 空乘 聊 有意 有意思 起飞 一段 一段时间 段时间 时间 声音 不停 停歇 实在 影响 乘客 休息 乘客 想 找空 空乘 聊 空乘 回答 情有可原 提醒 小声 小声点
0	国航 航班 正点 服务
0	飞机 开 一点 不好 晃 晕
0	座椅 间距 座位 高 餐食 干干的 汉 包
0	起飞 起飞前 客舱 空气 很糟 糟糕 灌入 风 很大 机油 味 饱受 受折磨 折磨
0	挺 啊啊啊
0	雾 霾 天 起飞 降落 点 赞
0	餐 太差 凑和 算不上 点 航班 点钟 机场 北京 北京机场 机场 压根 吃晚饭 晚饭 时间 两个 干面 面包 太 随便 晚上 压根 吃不下 ！！！ 乘务 乘务长 声音 广播 男声 声音 突兀 开场 开场白 惊
0	飞机 设施
0	空乘 人员 服务 服务质量 质量 极佳
0	飞机 餐食
0	不算 太晚
0	安全带 短 可调 调节 太 扯淡
0	空姐 态度 有待 提高 礼貌 礼貌性 做
0	飞机 起飞 降落 平稳
0	十分满意 满意 本次 航班 机组 热情 热情周到 周到 专业 三年 737NG 保养 新 超出 期待
0	棒 行程 乘务 人员 热情 还给 小朋友 朋友 送 小礼 礼物 开心 满意 颗 星
0	整点 起飞 旅途 顺利 机上 餐食
0	准点 到达 提前
0	空乘 服务 服务周到 周到 热情 机舱 宽敞 舒适 餐食 可口 美味 愉快 旅程 体验
0	还好
0	国航 总部 摆渡 车 登机 理解 报纸 种类 太少 索要 送 配送 耳机 点 赞 吃 太差 两个 小面包 面包 点 航班 数人 时间 吃饭 配 正餐 航班 商务 客居 居多 服务 细节 值得 优化
0	单手 左手 提起 行李 行李箱 扔 成 这幅 模样 佩服 不知 双流 机场 浦东 机场 希望 机场 雇佣 行李 分拣 员 雇佣 肌无力 无力 患者
0	还算 中规中矩
0	10 分
0	第一 第一次 动手 买 不错 不错 挺 顺利 到达 目的 目的地 再也 不用 麻烦 ✌️✌️
0	服务 优 业务 业务精
0	提前 订 儿童 餐食
0	空姐 飞机 机上 少 聊 点 天 太 吵
0	站 摆渡 车 行李 漫长 长实 实在 难耐
0	飞机 舒适 舒适度 适度 高 机组 机组人员 组人 人员 服务 服务到位 到位
0	准点 舒适
0	服务 OK 提前 一个多 小时 不错 空中 中旅 旅行
0	小点 小点心 点心 好吃
0	坐 国航 次数 不多 却是 国航 老客 老客户 客户 国航 年轻 乘务 乘务员 服务 意识 差 礼仪 差 二个 判断 培训 讲师 这方 这方面 东航 比国 国航
0	坐 国航 次数 不多 却是 国航 老客 老客户 客户 国航 年轻 乘务 乘务员 服务 意识 差 礼仪 差 二个 判断 培训 讲师 这方 这方面 东航 比国 国航
0	坐 国航 次数 不多 却是 国航 老客 老客户 客户 国航 年轻 乘务 乘务员 服务 意识 差 礼仪 差 二个 判断 培训 讲师 这方 这方面 东航 比国 国航
0	满意 第一 第一次 坐 国航 服务 耐心
0	三个 评论 飞得 快又稳 餐食 不错
0	满意 乘务 乘务员 细心 体贴 一对 老年 老年夫妇 夫妇 坐 愿望 常乐 乐意 换 座位 乘务 乘务长 安排 排到 出口 座位 感谢 ！！ 餐食 航空 航空公司 公司 飞机 餐 好吃 平安 到达 目的 祝 机组 机组人员 组人 人员 飞行 平安
0	准点 到达 餐 发 一瓶 小农 农夫 农夫山泉 山泉
0	空乘 播报 说 说 说
0	山 航 空哥 厉害
0	国航 服务 飞机 餐 好吃 祝愿 国航 越来 越来越 越好
0	航班 管制 接起 起飞 起飞时 起飞时间 时间 改到 晚上 占 时段 国航 够 够 吃 一年 最难 难吃 飞机 餐 会员 会员卡 生 银 卡 四个 航 段 升 金 卡 业务 跑 频繁 航 段 数 越来 越来越 越来越少 越少 放弃 心疼 够
0	飞机 航空 空管 管制 飞 迟 还算 满意 空姐 服务 服务态度 态度 空哥 差
0	机票 超 卖 差点 飞机 定要 先 划 位
0	延误 误时 时间 长 算 飞行 途中 机舱 坐 约 四个 小时 闷 舒服
0	登机 登机口 变更 13 提示 通知 险些 错过 登机
0	行李 提取 过慢 提高 提高效率 高效 高效率 效率 应考 增加 机械 自动 自动化 设备
0	太 颠
0	low b 要死
0	尼泊尔 机场 等待 小时 取消 航班 re check in 变为 delay 疯 掉
0	挺 稳
0	重庆 庆大 大雾 导致 来时 航班 晚点 小时 回程 延误 下午 30 起飞 还好 时间 安排 影响 行程 国航 采用 777 300ER 执 飞 国内 国内航线 航线 较少 少见 经济 经济仓 座位 空间 不错
0	餐食 不错
0	一路 一路平安 路平 平安
0	提前 落地
0	777 大型 大型机 宽松 舒适 重庆 先降 降落 t2 航站 航站楼 坐 摆渡 车 t3 航站 航站楼
0	航班 准点 提前 到达 国航 长此以往 以往
0	飞机 硬件 和服 服务 中规中矩 飞机 餐 鸡肉 鸡肉饭 实在 实在太 咸 放 三遍 盐 感觉 乘务 乘务员 旅客 发 小礼 礼物 安抚 闹 乘客 没事
0	国 行 服务 提升 餐食 一如 一如既往 不好 好吃 同事 坐 全日 全日空 餐食 特别
0	迷迷 迷迷糊糊 迷糊 糊糊
0	挺
0	一般般 般般
0	总体 设施 还算 齐全
0	设施 齐全 服务 服务态度 态度 感谢
0	微笑 微笑服务 服务
0	飞机 抖 腻 害
0	一路 摇摆
0	不好 不好不坏 不坏 失 无过
0	空姐 和善 晚点 一个多 小时 无可 无可厚非 厚非 帝都 其他用户 他用 用户 占用 飞机 餐 改善
0	两点 特别 满意 第一 仓 位 旅客 途中 中出 不适 大声 声音 呕吐 乘务 乘务员 态度 不好 采取任何 措施 这位 旅客 吐到 飞机 身体 不适 声音 气味 影响 乘客 希望 航空 航空公司 公司 事件 应对 措施 飞 准 APP 购票 深圳 深圳机场 机场 打印 印行 行程 支付 快递 快递费 费用 邮寄 同行 两位 同事 国航 航班 飞 准 APP 网 APP 购票 深圳 深圳机场 机场 打印 印行 行程 问 柜台 说不出 不出 所以然 奇怪 建议 统一 统一标准 标准 行
0	餐点 敢不敢 简陋 一点 难吃
0	挺 准点 餐食 饮料 少 机上 娱乐 配套 不错 电影 新
0	服务 服务到位 到位 热情 热情周到 周到
0	国航 服务
0	飞机 新 娱乐 系统 电影 新 餐食 难吃
0	黄山 机场 很大 提前 90 分钟 办理 登机 托运 二楼 装修 吃饭 地方 停车 停车场 车场 扫 码 租车 近处 吃 饭
0	机窗 窗上 不知 女生 粉
0	飞 很快 平稳 强 气流
0	托运 运行 行李 到达 提取 速度 慢
0	行程 挺 满意
0	近一年来 一年 年来 飞行 感受
0	max8 飞机 机上 充电 地方 吃 真的 不太好
0	无论是 头等 头等 乘务 乘务员 体贴
0	业务 不熟
0	提前 到达
0	飞机 宽敞 舒适 飞行 平稳 飞机 赞
0	准点
0	机长 水平 不错 空乘 态度 飞机 餐 汉堡 理解 冬天 零下 二十 二十多 十多 多度 稍微 热 发
0	不错 宫保 宫保鸡 鸡丁 好吃 服务
0	小桌 板 不太好
0	座位 太太 太太 太太 狭窄
0	半小时 小时 落地
0	公务 公务舱 窄
0	航班 正点 机上 服务 服务态度 态度
0	不错
0	飞机 气压 控制 不好 降落 落后 滑行 40 分钟 坐 摆渡 车
0	這 次 氣 流 太多 一路 顛 著
0	准点 第一 空乘 人员 热情 飞行 中 逗我 儿子 亲和力 十足 国内 航班 班别 别无所求 无所 所求
0	空 务 人员 服务 服务态度 态度 飞机 环境 飞行 平稳 值得 乘坐
0	不错 摆渡 车 太慢
0	飞机 新 飞 较慢 耳 压 较大
0	国航 还好 水平 平稳 稳定
0	服务
0	满意 井然 井然有序 有序 很顺 顺利 广州
0	餐食 一瓶 水 一块 饼干
0	服务 服务周到 周到
0	空 少 服务 不到 到位
0	飞机 新 汉堡 难吃
0	挺
0	机型 座位 塌陷 提前 起飞 提前 到达
0	餐食 一袋 袋子 坚果
0	服务 较差 态度
0	外形 脏
0	机上 服务
0	舒服 旅行
0	国航 每次 航班 挺 满意 飞机 机上 手机 飞行 模式 棒
0	高水平 水平 飞行 服务
0	不知 机型 左 右 没什么 娱乐 设备 餐食 台北 配 还行 服务
0	总体 不错 ！！ 航空 流量 量控 控制 晚 40 分钟
0	不错 服务 到位 位置 宽敞
0	晚点 小时 本来 打算 上班 家 点 实在 困 不行 只好 请假 休息
0	服务 小孩 帮忙 安排 更换 座位 贴心 赞
0	服务 不错 提前 晚上 上航 航班 停 廊桥
0	餐食 特别 差 还行
0	正点
0	太
0	客舱 很瘦 妹妹 服务 很烂 笑容 说 送 饮料 询问 客人 语气 表情 差 感觉 客人 欠 钱 组 机组 机组人员 组人 人员 客舱 服务 聊天 客人 聊
0	中午 航班 片面 面包 太差 差劲
0	789 选择 班 航班 玻璃 确实 机型 至少 不用 低着头 外面
0	首次 乘坐 乘务 乘务长 外 男 空乘 航班
0	初六 返京 高峰 国航 服务 一如 一如既往 好评 成都 机场 各方 面值 值得 提高
0	不错
0	航班 准点 服务 热情 ❤️ 飞 准 App 信赖
0	服务 热情 不晚 晚点
0	平稳 赞
0	时间 要钱 原地 转圈
0	晚点 好几 好几个 几个 小时 没办 办法 飞机 机上 干净 设施 新 还算 比较满意 满意 顺便 说 飞机 机上 开 手机 戴 耳机 声音 放到 很大 醉 错觉 坐 公交
0	整体
0	随意 改变 飞行 行时 时间 随意 取消 航班 机上 卫生 卫生间 门闩 坏 修理 用餐 太 简单
0	空乘 服务 不错
0	说 点 航班 取消 改签 16 25 分 紧 慢 点 到达 深圳 深圳机场 机场 航班 11 分起 起飞 差 评
0	总体 不错
0	国 行 机组 牛 逼 第一 第一次 坐到 早点 飞机 坐 灰 机 不多
0	登机 登机口 68 以往 17 19 距离 银 刃 15 较远 落地 远 机位
0	太 完美 飞
0	买 头等 头等舱 服务 只能 说 中规中矩 做 做 亮点
0	橙汁 太 酸
0	国航 空姐 真的 特别 人心 温暖
0	全过程 过程 感受 热情 亲切 关心 照顾 机组 乘务 乘务员 一举 一举一动 一动 举手 举手投足 投足 感觉 机组 组成员 成员 工作 认真负责 负责 乘客 关爱 希望 机组 努力 服务 更上一层 更上一层楼 一层 一层楼 层楼
0	机场 飞机 机上 暖和 天气 气冷 厚 衣服 脱下 脱下来 放在 随身 随身携带 携带 包里
0	坐 多国 国家 航空 航空公司 公司 国航 放心 起飞 飞落 落地 水平 高 空乘 人员 人员素质 素质 高 饭 真的 难吃 檀香 檀香山 香山 班 飞机 太 娱乐 系统 触 屏 太 别扭
0	飞机 起降 平稳 晕机 机现象 现象 空姐 漂亮 服务 服务态度 态度
0	顾
0	不错 飞行 平稳
0	座位 真的 窄 全程 煎熬
0	感觉 不错
0	准点 航班 服务 热情
0	早餐 不错 选 西餐
0	行李 太慢
0	服务 超
0	不错 起飞 提前 到达 棒
0	坐 有点累
0	加油
0	飞机 飞行 行时 时间 五个 小时 机型 太旧 座椅 舒服
0	威海 机场 五个 登机 登机口 一层 五号 登机 登机口 按摩 座椅 二层 两个 个头 头等 头等舱 休息 休息室 母婴 休息 休息室 人性 人性化 国航 金 卡 头等 头等舱 值机 机柜 柜台 安检 休息 休息室 快速 登机 流量 量控 控制 出发 晚点 小时 空姐 CC 特别 温馨 贵宾 会员 提示 太 累 全程 睡觉 醒来 发现 座位 旁边 放 一瓶 水 小食 值机 行李 优先 不到 三分 三分钟 分钟 满意
0	餐饮 不错 到达
0	硬件 服务 满意
0	提供 午餐 时间 太晚
0	总体 不错 前序 航班 设置 不合 不合理 正点 抵达 时间 本次 航班 出发 时间 相隔 一小 小时 意味 意味着 晚点 ～～～
0	(/≧≦)/~┴┴
0	不错
0	飞机 新 干净 舒适 舒适度 适度 机上 娱乐 不错 餐饮 实在 太行
0	服务 到位
0	本次 航班 服务 棒 10 分
0	精准 精准度 准度 一点 高 昨天 ca4334 时间 一点 不准 准确
0	各方 餐食 差
0	整体 整体感 感觉 不错
0	I take the business class the service is very good and the food is very delicious
0	准点 登机 傻 坐 小时 通知 说 航线 天气 不好 延误 凌晨 点 赶下 下机 候机 候机室 傻 坐 补偿 水 一瓶 国航 一生 黑
0	汉堡 真的 不好 好吃
0	愉快 旅程
0	空乘
0	时间 还算 准点 办理 登机 机座 座位 发放 放有 不合 不合理 登机 后发 发现 多位 位置 闲置 发放
0	不知 取消 登机 登机口 升 舱 服务 空 多位 位子 国企 盈利
0	国航 服务 餐食 飞得 稳
0	落地 飞行 飞行员 行员 驾驶
0	空姐 很美
0	波音 777 飞行 平稳 起飞 下降 不错 餐食 吃 不期 期待 高价 经济 娱乐 设施 触 屏 不好
0	服务
0	特意 选 飞机 娱乐 设施 太 失望 早餐 选择 中餐 西餐 不错
0	中午 时间 九点 点出 出门 时间 吃 午餐 杭州 下午 二点 饿坏 飞机 餐 好好 饱餐 饱餐一顿 一顿 飞机 餐 小号 汉 冰 请 空 服 员 帮忙 加热 回答 说 没办 办法 加热 一副 爱 吃 不吃 态度 国航 只能 默默 享受 冰冷 一餐 吃 不吃 一餐 认命
0	航班 太 早 飞机 起飞 睡着 乘务 乘务员 打扰
0	棒棒 哒
0	起飞 降落 猛 空中 飞行 平稳 机舱 新 餐饮 不错
0	行程 满意 飞行 高速 提前 40 分钟 到达
0	空中 中服 服务 热情 温馨 登机 安排 葱 忙 机场 沟通 特别 特别感谢 感谢 一点 起飞 起飞时 起飞时间 时间 前 不安 安排 旅客 登机 等候 一点 不错
0	准点 餐食 还行
0	摆渡 车 来回 折腾 死
0	气流 颠簸
0	座位 太 拥挤 吃 太 简陋 饮料 还行
0	值机
0	不错
0	停机 停机位 机位 太 远 摆渡 车 开 十多 十多分 十多分钟 多分 多分钟 分钟
0	满意 空乘 人员 服务 热情
0	飞机 希望 北京 直飞 北 卡 线路
0	行李 太久 站 20 分钟 没出
0	飞机 久 座椅 调节
0	航班 晚点 一点 取 行李 行李 带动 一会 一会儿 会儿 没动 没动静 动静 两点
0	准点 起降 平稳
0	起飞 晚点 过到 到达 晚 十几 十几分 十几分钟 几分 几分钟 分钟
0	满意
0	销售 机上 物品 时间 略长 机上 上有 吵
0	国航 航班 空姐 特别 nice 航 餐 难吃 标配 远 机位 摆渡 车 座位
0	还行
0	满意 每次 回去 国航 星
0	飞机 宽敞
0	箱子 摔坏 暴力 装卸 解决 方式 死板 霸王 条款 十一 十一点 十一点半 一点 一点半 到达 飞机 折腾 走
0	11 年 飞机 小桌 板 松动 乘务 乘务员
0	满意
0	正点 飞行 平稳 飞机 餐食 不错 乘务 乘务员 服务
0	整体 整体感 感觉 餐食 太 简单
0	航班 正点 飞行 平稳 服务 热情 热情周到 周到
0	飞机 晚餐 两个 小面包 面包
0	挺 飞起 起降 降落 还算 平稳 意外 吃 棒棒 棒棒 差点 赶时间 时间 饿坏 晚点 一点 预定 定时 时间 早 开心 回家 机场 人员 辛苦
0	出发 晚 一小 小时 太 不正 正点
0	飞机 预期 提前 前半 半小时 小时 气流 颠簸 吓人 挺
0	服务 不错
0	准点 服务 不错
0	晚饭 舱 面条 米饭 不吃 面条 乘客 心情
0	机上 服务 感觉 如以 挑不出 不出 特别
0	东西 西落 飞机 机上 机场 发现 电话 沟通 找到 快递 递送 送到 失主 手中
0	国航 一如 一如既往 放心 起飞 降落 服务
0	提前 到达 满意
0	滑行 超远 机位 30 分钟 摆渡 车 20 分钟
0	不错 些小 航空 航空公司 公司 好多
0	新飞 飞机 舒服
0	不错
0	本次 航班 贵阳 上海 总体 不错 航班 起飞 准 提前 到达 浦东 机场 空中 中服 服务 不错 提供 简 餐
0	国航 出行 首选 不错 不错
0	飞行 平稳 服务 亲切 赞 空调 太冷 餐食 吃 过所 航班 班里 简陋
0	设施 齐全 音响 OK 空姐 态度 亲和力 起降 平稳
0	行程 飞 平稳
0	听不清 清空 空乘 说 晚 一小 小时
0	吵
0	正点 起飞 正点 降落 完美 空中 飞行
0	起飞 稍微 晚点 提前 10 分钟 到达 飞行 平稳 服务 热情
0	国航 品牌 机 餐 可口 第一 第一次 机上 手机 服务 服务态度 态度 有待 提升 希望 国航 飞机 跑 成都 新加坡 航线
0	飞行 行时 时间 短 服务
0	飞行 平稳 空姐 很漂亮 漂亮 乘务 乘务长 ！～
0	坐飞机 飞机 小时 昆明 航站 航站楼 交通 大巴 30 分钟
0	惠州 机场 终于 国航 飞机 飞 国航 机师 盖 开 飞机 稳 不错 机场 降落 稳稳
0	餐食 烂 行李 慢
0	超级 准点 服务 服务态度 态度 很棒
0	乘务 乘务组 好像 像是 北京 一位 日籍 空乘 服务 上次 感觉 颠覆 国航 印象
0	空姐 服务 长 很漂亮 漂亮
0	本来 更快
0	准点 起飞 提前 落地 连续 三个 月 每周 每周日 周日 坐 航班
0	北京 北京机场 机场 广州 机场 服务
0	国航 小姐 小姐姐 姐姐 好好 好好看 好看 一百 一百分 百分 ！！
0	感觉 北京 飞往 深圳 飞行 力图 服务 舒适 比国 国际 国际航班 航班 第一 第一次 国内 国内航线 航线 超过 国际 航线
0	空 服 员 热情
0	国航 三亚 头等 头等舱 专用 摆渡 车
0	飞机 机长 经验 经验丰富 乘务 乘务员 热情 细致 当天 天正 生日 乘务 乘务长 携 两名 乘务 乘务员 写 一张 贺卡 真的 有心 谢谢 李 乘务 乘务长 唐 斌 李 昕 娴 乘务 乘务员 点 赞
0	提前 不多 20 分钟 登机 完毕 提前 到达 果在 机舱 里 坐 40 分钟 起飞 空姐 CC 礼貌 登机 识别 金 卡 会员 问候 报纸 正餐 一瓶 水 一包 果仁 短途 毛病 一小 小时 很快 到达 延误 威海 两个 行李 转盘 很快 拿到 行李
0	机长 驾驶 水平 高 空乘 服务 服务态度 态度 旅客 机体 体验 佳 国航 机组 组成员 成员 点 赞
0	垃圾 国航 毁 青春 天天 停机 停机位 机位 中国 国人 真他妈 大气 一架 一架 飞机 里 憋屈
0	服务 不错 餐食 太差 说 飞 n 回国 国际 最差
0	满意
0	整体 满意 珠海 机场 提供 私家 私家车 停放 服务 机场 客流 较少 清静
0	自助 托运 差 联程 国际 国际航班 航班 办理 服务 人员 瞎指挥 指挥 说 20KG 办理 告知 国际 联程 办 浪费 浪费时间 费时 费时间 时间 排队
0	777 300 坐满 航程 稳 飞机 应对 颠簸 厉害 春运 全价 机票 肉 疼 服务 机上 上体 体验 挺 满意
0	准点
0	准确
0	满意
0	餐点 不错
0	机组 机组人员 组人 人员 服务 热情 周到 细致 贴心
0	太紧 紧密 国航 那么回事 回事
0	凌晨 两点 飞机 坐 摆渡 车 坐 10 分钟 飞机 停 偏僻 地方 晚点 半个 小时 起飞 晚点 小时 到达 坐 国际 国际航班 航班 晚点 半小时 小时 起飞 中途 时间 赶回 赶回来 回来 一共 坐 12 小时 太 失望 飞机 餐 难吃 国航 水平 平越 越来 越来越 越来越低
0	三位 行李 托运 乘客 取消 航班 一事 耽误 全机 乘客 行程 安排 11 20 预计 准点 起飞 飞至 12 点 起飞 延误 四十 四十分钟 十分钟 分钟
0	服务 不错
0	满意
0	国航 餐食 越来 越来越 简单 水果 果干 干脆 取消 尚可
0	国航 不错
0	飞机 准点
0	点 起飞 睡 小时 部 电影 中午 航空 餐 吃 记得 东西 飞机 机上 吃
0	经济 经济舱 间距 廉价 航空 航空公司 公司 不多 长途 难受
0	总体 还行 航空 餐 醉 大中 中午 面包 啃 国航
0	宽敞 舒服 午饭
0	香港 地勤 地勤人员 人员 服务 差 爆 六点 姗姗 姗姗来迟 全程 笑脸 不多 六点 六点二 二十 二十多 十多 check in 执勤 飞行 飞行服 服务 不错 地勤
0	极差 无故 早点 小时
0	航班 出发 时间 调整 避开 早 高峰 安检
0	飞机 飞行 平稳 颠簸 餐食 煎蛋 粥 不错
0	航班 飞行 平稳
0	空姐 服务 服务态度 态度 热情
0	登机 登机口 二次 变更 通知 变化 未能 能及 通知
0	起降 服务
0	服务 餐食 准点 满意
0	准确 赞
0	開 關 時 間 約 飛 前 時 建 議 太 早
0	满意
0	飞机 准点 12 点 登机 12 点 25 分 关闭 舱门 待命 滑向 跑道 12 点 40 分 不到 升空 高度 3000 米 5000 米 升空 半小时 小时 午饭 饮品 高度 7000 米左右 平 飞 用餐 15 排 午饭 发到 时 飞机 机遇 气流 颠簸 停止 发 午饭 一一分 一分 平稳 发 午饭 用餐 飞行 飞行高度 高度 7000 米 不到 飞行 真空 空速 800 13 点 30 分 家用 用餐 结束 二点 广播 告知 30 分钟 要到 首都 首都机场 机场 点 30 分 不到 落地 落地 滑向 廊桥 点 40 分到 准点 开 舱门 飞行 结束 过程 平稳
0	经济 经济舱 空间 太小
0	座位 拥挤
0	每次 准点 OK
0	晚 點 45 分 鐘 不可抗力 抗力 因素 安排 過 道 位置 貼 心
0	乘务 乘务组 超级 满意
0	天气 提前 半小时 小时
0	不错 座位 挤 点 餐食 想象 中
0	空乘 小姐 小姐姐 姐姐 温柔 副 驾 小哥 哥哥 声音 好听 睡 全程 满意
0	总体 不错 飞机 新 服务 热情 热情周到 周到 空姐 姐们 彬彬 彬彬有礼 专业 餐食 马马虎虎 马虎 虎虎
0	互联 互联网 联网 拍 CA3222 网上 值机 机场 自助 值机 国航 柜台 说 值机 祥 鹏 公司 祥 鹏 公司 下午 点 上班 票 点 10 分起 起飞 ）， 辗转 找到 机场 值班 班主 班主任 主任 说 吉祥 航空 票 国航 只管 共享 代码 值机 主任 70 多岁 跑 小时 值 机 国航 吉祥 航 内部 协议 老百姓 百姓 国航 收 共享 费用 负责 乘客 值机 告诉 错误 错误信息 误信 信息 态度 极坏
0	飞机 机座 座位 太小 舒服
0	飞机 话 环境 唯一 晚饭 一如 一如既往 国航 风格
0	唯一 不好 真的 太 窄
0	金 卡 会员 行李 优先 深圳 很久 吉隆 吉隆坡 机场 贵宾 休息 休息室
0	飞行 行时 时间 很快 延误 飞机 餐 牛肉 帕 尼 尼 超级 好吃
0	餐食 不好
0	说好 国航 大连 航空 飞机 破
0	时间 提前 24 分钟 激动 太 力
0	不错
0	服务 热情 餐饮 安排 程 太多
0	飞机 准点
0	一如 一如既往 支持 国航 态度 服务
0	WiFi 后下 飞机 转盘 报错 半小时 小时
0	挺 体验 下次 选
0	很早 早就 广播 说 降落 影响 休息
0	国航 头等 头等舱 饭 好吃
0	座椅 较大 乘坐 舒适
0	90 分
0	午餐 饿 坐飞机 飞机 服务 做好
0	餐食 太 简陋 客舱 服务 不错
0	飞行 平稳 落地 时间 准确 下降 工程 无不 不适 不适感 飞行 行经 经历
0	座位 舒适 空间 餐饮 饮服 服务 服务周到 周到
0	机上 WIFI 航线 东航 南航 全 配
0	整体 体验 飞行 平稳 较大 颠簸 飞机 延误 起飞 太 开心 经济 经济舱 座位 距离 太 太 舒服
0	完美
0	快捷 餐食 很棒
0	整体 整体感 感觉
0	办理 登机 机手 手续 态度 差 餐食 不好 好吃 两餐 送 点 零食 加航 北京 连接 廊桥 坐 摆渡 车 坐 13 小时 飞机 累 折腾
0	舒适 稳当 服务 服务到位 到位
0	登机 做 摆渡 车 登楼 登机 还好 鸡 米饭 太 难吃
0	没什么 希望 出发 到达 远 机位
0	前次 航班 晚点 二十 二十分 二十分钟 十分钟 分钟 后续 续航 航班 晚 十几 十几分 十几分钟 几分 几分钟 分钟 几位 空乘 晚 不知 情况
0	早餐 味道 味道不好 不好
0	晚上 上到 到达 地方 取 行李 地方 很久 晚上 11 50 飞机 一点 机场
0	总体 不错 机 餐
0	满意
0	航班 空乘 乘积 极热 热情 航程 轻松 轻松愉快 愉快
0	满意
0	饭菜 联想 想到 监狱 风云 肖 申 克 救赎 影片 味道 自行 想象 国航 颜 值 低于 航 建议 改进 飞行 飞行员 行员 技术 不错 降落 平稳
0	机组 服务 略显 粗糙 细致
0	机长 驾驶 稳 瓶装 瓶装水 一小 小杯 杯水 一小 小袋 坚果 早晨 饿 渴
0	国航 体验 舒服
0	空乘 乘上 完 餐 饮料 第二次 二次 饮料 导致 没法 通行 厕所 希望 点
0	不错
0	正经 飞机 餐 牛肉 牛肉饼 肉饼
0	买 机票 大型 大型机 被告 告知 改成 中型 中型机 买 独栋 别墅 交房 塔楼 居室
0	座椅 舒服 美女 空姐 服务 服务态度 态度 当好 大早 早上 一个个 个个 笑脸 真的 开心
0	整体 飞机 稳 机上 服务 不错 起飞 晚点 二十 二十分 二十分钟 十分钟 分钟 依然 提前 满意
0	还行
0	无限 无限期 限期 推迟 任何理由 理由 17 30 20 30 登机 何地 地面 服务
0	大阪 过路 航班
0	787 飞机 够
0	飞行 平稳 落地 完美 乘务 乘务长 声音 好听
0	国航 一如 一如既往 快捷
0	座椅 纵向 空间 行李 空间
0	旅行
0	起飞 延迟 正点 点着 着陆 服务 不错
0	机上 广播 太 人性 人性化 早上 点 航班 点 起床 飞机 想 睡觉 45 25 30 分钟 广播 声音 很大 体验 极差
0	土 航 服务 很棒 飞机 餐 改变 鱼肉 餐 好好 好吃 配有 水果 果蔬 蔬菜 蛋糕 好几 好几种 几种 奶酪 吃 吃 不惯
0	电视 飞机 旧
0	延期 一个半 半小时 小时 凌晨 三点 家
0	不错 准点 平稳
0	一般般 般般
0	不错
0	准点 卫生 生好 人流 人流量 流量 少 舒适 出行 满意
0	值机 比较慢 较慢 还好
0	提前 13 分钟 到达 一切顺利 顺利
0	不错
0	服务 热情 提供 头枕 情况 客人 ，！ 餐食 不错 提供 鳗鱼 饭 牛肉 饭 可选 感觉 飞行 途中 中空 空乘 人员 客人 忙碌 辛苦 尽责
0	飞机 很棒 787 梦想 客机 机名 名不虚传 不虚
0	挺 西式 西式早餐 早餐 少 发到
0	准点 平稳
0	不错
0	睡觉 。。
0	饭 太 难吃 太多 准点 到达 不错
0	飞机 747 400 吃
0	本次 飞 感觉 优秀 飞行 飞行员 行员 起降 平稳 值得 值得称赞 称赞 落地 时 鼓 掌 飞行 飞行员 行员 高超 超技 技术 家安 落地 邻座 两个 年轻 年轻人 解释 鼓掌 空姐 美丽 美丽大方 大方 空哥 高大 大帅 帅气 视觉 冲击 礼貌 语言 优雅 动作 亲切 亲切感
0	满意
0	航班 棒 空姐 服务 机长 机组 机组人员 组人 人员 驾驶 平稳 机舱 干净 五星 好评 下次 选择 1906 航班
0	挺 愉快 飞行 飞行体 体验
0	舒适
0	机长 驾驶 平稳 乘务 乘务员 小姐 小姐姐 姐姐 温柔 贴心 心气 气质
0	牛肉 饭 很快 派 完 之外 坐在 机翼 位置 剩 鸡肉 鸡肉饭
0	飞行 平稳
0	改 航班 安全员 全员 挺 认真负责 负责 题得 圆满 圆满解决 解决 多谢
0	乘坐 747 特地 选 航班 国航 两 舱 服务 不错
0	本次 行程 满意
0	飞机 平稳 落地 时水 水平 高
0	准点 飞行 平稳 平稳
0	日本 边上 飞机 挺 到达 北京 北京机场 机场 晚点 中转 时间 缩短 一路 狂奔 跑 边检 有人 半天 慢悠悠 悠悠 一脸 不耐 不耐烦 耐烦 样子
0	一趟 航班 晚点 中转 时间 影响 取到 行李 行李 丢 北京 赶紧 赶下 航班 神奇 边检 有人 上班 保安 保安人员 安人 人员 找 慢悠悠 悠悠 悠悠的 工作
0	飞机 餐 实在 太 简陋 饭 凉
0	登机 登机口
0	飞机 挤
0	飞机 挺 到达 摆渡 车 稍差
0	机上 坐等 小时 起飞
0	舱内 广播 声音 出奇 水果 一如 一如既往 罐头 水果 降落 太 耳朵 吃不消
0	航班 准点 服务 中规中矩 顾客
0	贴心 提前 到达 谢谢
0	早餐 太 简单 吃饱
0	起飞 准点
0	准点
0	座椅 太难受 难受 头枕
0	来到 雪 世界
0	海拉尔 拉尔 机场 安检 说 港澳 通行 通行证 支 楼下 写 身份 身份证 盖章 楼下 盖 回 安检 安检 下楼 真的
0	回程 比来 时间 长 绕路 飞 驾驶 驾驶员 师傅 说 表 放心 大妹 妹子 小哥 热心 送 吃 喝 厕所 免费 费用 手纸 要钱 起飞 坐 右侧 窗户 富士 大山 算 免费 景点 挺
0	飛 機 延 遲 個 時
0	遗失 遗失物 失物 物品 找回
0	航班 不错
0	飞行 过程 颠簸 飞机 空中 管制 晚点 空姐 服务 灵活 差点 咽 死 水 过程 中
0	飞机 餐 不错 沙拉 米饭 冰淇淋 空乘 服务 起飞 颠簸 厉害 晚点 起飞 提前 到达 一点 不错
0	平稳
0	晚点 一个半 半小时 小时 南京 廊桥 狂风 狂风暴雨 风暴 暴雨 里 奔 摆渡 车 摆渡 车 一两 挤死 航空 航空公司 公司 一部 一部分 机场 负责 责任 南京 南京机场 机场 太差
0	挺
0	正点 炒粉 甜点 不错
0	不错 时间 预定 接近
0	一路 舊 金山 機 值 機 領 班 態 度 惡 劣 服 務 皇太后 太后
0	准点 常州 下雨
0	超过 小时 做 国航 空间 安排 过窄 空姐 服务 冷淡 命令 语气 算了 算了吧 直飞 飞下 下次 直飞 建议 做 韩亚 亚航 航空 贵 几百 差别 差别待遇 待遇 太大
0	准点 稳
0	身担 担误 时间 国航 工作 工作人员 作人 人员 给予 走 紧急 通道 顺利 登机 非常感谢 感谢 国航
0	乘务 乘务员 热情 飞机 准点 美味 食物 感谢 感谢
0	不错
0	暖 心 实习 实习生
0	全新 飞机 737max 挺 稳 间距
0	头 坐 西藏 航空 全 经济 经济舱 密集 布局 330 火车 火车车厢 车车 车厢 不多 全程 吵闹 不堪 飞机 餐 难吃 关键 登机 花 小时 ！…… 非 万不得已 已不 再选
0	吃 挺不错 不错 量 够 面包 吃 国际 国际航班 航班 网上 提前 值机 充电 插口 真是太 影响 乘客 客体 体验 空中 wifi
0	晃 饭 块 有点像 压缩 压缩饼干 饼干
0	飞机 空间 坐 舒适 洗手 洗手间 多方 成都 上机 机时 摆渡 车 开 半个 小时 希望 有所改进 改进
0	满意
0	准点 服务
0	空乘 服务 服务态度 态度 差 特别 差 行李 行李架
0	不错 国航 很棒
0	T3A 开放 江北 机场 新 加 跑道 CA1411 第一 第一次 B737 800 机型 改为 A330 200 机型 舒适
0	提前 到达 开心 乘务 乘务长 声音 甜美 总体 总体而言
0	服务 座位 舒适 舒适度 适度 本次 飞行 正点
0	国际 转 国内 告诉 登记 人员 情况 托运 两个 行李 发现 不行 罚 650 人民币 超额 行李
0	温州 登机 登机口 地勤 地勤人员 人员 态度 极差
0	满意
0	说 不用 关机 调 飞行 模式 乘务 乘务员 盯 关机 太 专业
0	整体 服务 不错
0	自助 行李 托运 告知 20KG 下行 行李 自助 托运 告知 国际 联程 办理 倒 浪费 时间 排队
0	满意 飞机 机上 安全员 全员 态度 帮 解决 签证 没能 能到 日本 态度 带回 北京 送 海关 解决 解决问题 感激 多谢 贵 单位 优秀 员工 帮 解决 解决问题
0	满意
0	正点 推出 排队 接起 起飞 提前 到达 北京 力
0	回程 航班 旧 独立 影音 系统 飞机 机上 设施 很粗 粗糙 餐食 不错 服务 空姐 性感
0	青岛 飞 郑州 郑州 机场 大风 飞机 备降 武汉 机场 赶时间 时间 只能 另行安排 安排 交通 交通工具 通工 工具 奔赴 郑州 乘务 乘务员 整体 服务 不错 乘客 着想 山 航点 赞
0	正点 起飞 飞行 平稳 棒棒 哒
0	服务 服务态度 态度 差 卫生 差 座椅 坏 毛毯 靠枕
0	晚 二个 小时
0	挺
0	平稳 服务 空姐 换 宽松 位置 不错
0	中午 主食
0	头等 头等舱 公务 公务舱 检票 指示 指示牌 放在 指示 检票 时 提醒 旅客 队伍 头等 头等舱 检票 检票口 票口 排到 说 男 那位 态度 友好 不屑 说 坐飞机 飞机 歧视 坐 飞机
0	中午 飞机 想着 飞机 机上 吃 点 饭 发 饼 醉
0	坐船 爽
0	地方 方方 方行 行李 登机 客户 托运 运行 行李 耽误 后门 行程 飞机 空间 太小 写 国航 后发 发现 大连 航空 飞机 餐 不用 不用说 15 块钱 盒饭
0	乘坐 舒适 服务 细心 机长 一流
0	金 卡 服务 非常感谢 感谢 出发 到达 均安 安排 头等 头等舱 两边 机场 廊桥 严寒 边下 下雨
0	满意 气 条件 不好 提前 十五 十五分 十五分钟 五分 五分钟 分钟 到达 国航 值得 信赖
0	深圳 雾 赶不上
0	晚点 飞机 着陆 常平 平稳 服务 不错
0	信息 准确
0	新飞 飞机 舒服
0	飞机 旧 小桌 板 坏 电视 故障 落地 滑翔 十几 十几分 十几分钟 几分 几分钟 分钟 故障 机 楼 服
0	客舱 服务
0	晚点 服务
0	公务 公务舱 托运 运行 行李 慢
0	国航 服务 没什么 毛病 对称 称不上 优秀
0	机长
0	空间 餐饮 差 飞机 新 准点 率 高
0	飞 太 想 吐 晕机 有点儿 点儿
0	整体 还好 影音 设备 最前 面有 小视 小视频 视频 ）， 全程 只能 睡觉
0	满意
0	服务 服务态度 态度 提前 前半 半小时 小时 抵达 完美
0	前序 航班 抵达 未 登机 机时 能见 见到 乘务 乘务员 登机 机时 时间 乘务 乘务员 消失 能登 登机 无人 解释 找 不到
0	空姐 态度 特别 恶劣 为首 首都 门面 真的
0	餐食 有点咸 空姐 长 不错
0	餐饮 太差
0	服务
0	飞行 过程 闷热 不行 没人 感觉 感觉得到 提醒 服务 服务员
0	飞 真快 ，！ 太 提前 40 分钟 到达 落地 时 颠簸 担心 飞机 轮胎 没事
0	晚 一点 一点点 点点 空乘 員 服务 態 度
0	飞行 平稳 乘务 乘务员 餐食 鸡肉 汉堡
0	不错
0	说好 餐食 害得 吃 两顿
0	餐食
0	挺 不错
0	首都 首都机场 机场 太 忙 关机 机舱 机舱门 舱门 晚点 40 多分 多分钟 分钟 起飞 空中 飞行 行时 时间 约 50 分钟 给定 起飞 飞至 降落 时间 80 多分 多分钟 分钟 感觉 晚点 五分 五分钟 分钟 到达 航班 航班时刻 时刻 时刻表 好像 留有 余地 正点 起飞 定会 提前 到达 晚点 半小时 小时 准点 到达 聪明 聪明人 明人 绝招
0	吃
0	机组 服务 空姐 业务 业务水平 水平 低
0	客客气气 客气 气气 彬彬 彬彬有礼 令人 如沐春风 春风
0	空乘 人员 服务 真 提升 感觉 主动 ，、 提供 服务
0	登机 过程 乱 行李 摆放 差
0	供给 给水 勤 不太好
0	天气 原因 飞到 算了 返航 北京 连个 安排 扔 候机 候机厅 目的 时间 等待 连个 盒饭 安排 两个 小时 有人 催 半天 时间 答复 后发 一瓶 水 一包 饼干 干完 完事 差劲
0	空姐 很漂亮 漂亮
0	服务 服务周到 周到 热情 餐食 老一套 一套
0	时间 准确 信息
0	太 闷 午餐 不好 好吃
0	干净 行程 服务 不错 到达 时间
0	降落 差点 晕死 曲线 式 下降 阶梯 阶梯式 下降
0	飞机 停 远 机位 距离 太 远 摆渡 车 开 时间 太长
0	飞机 起飞 降落 常平 平稳
0	不错 空乘 细心
0	稳
0	服务 不错 提前 到达
0	第一 第一次 坐 国航 航班 机上 服务 不错 飞机 餐 味道 OK
0	比较满意 满意
0	本次 航班 正点 很顺 顺利
0	贵宾 大厅 鲜榨 果汁 机上 服务 人员 态度 热情 机械 机械化
0	温馨 舒适 适之 旅
0	总体 感觉 不错 提前 到达
0	行李 丢
0	收 餐 太 发完 转头 收 餐 吃 着急
0	飞机 机上 小时 整体 整体感 感觉 不错 飞机 餐 改进
0	飛 行 平 穩
0	餐食 太差 面包 午餐 加 两片 芝士
0	乘坐 国航 飞机 三峡 机场 出发 从来没 正点 点过
0	正点 航 食 越来 越来越 差
0	满意
0	飞机 舒服 飞机 经济 经济舱 娱乐 系统 查看 飞机 机具 飞行 飞行数据 行数 数据 挺 赞 唯一 唯一一 一点 餐食 牛肉 烧饼 饿 晕
0	舒适 舒适度 适度 还算 不错 娱乐 系统 做 挺 电影 飞机 餐 蛋糕 空乘 热情
0	飞机 座位 间距 太 窄 舒服 配置 娱乐 设备 不好 最重 一点 T3 落地 一个多 小时 站 实在 实在太 远
0	提前 不容
0	须要 要说 月 14 号 班 飞机 80 国航 服务 周 敬 晖 感冒 空姐 提供 15 杯 热水
0	星 我会 分 星 原因 机体 体验 起飞 飞到 降落 飞行 不稳 排除 气流 影响 评为 史 最差 机体 体验 过度 降落 半个 小时 中 在座 座位 前后左右 握紧 双手 紧 扶 把手 头 抵 前 座 低声 轻 呼 右 外国 友人 捂着 胃 称 the worst 后座 小孩 哭闹 左边 中年 女士 不约 不约而同 座椅 前方 垃圾 垃圾袋 以防 呕吐 更是 满身 大汗 紧张 落地 全身 发麻 机场 休息 半个 小时 缓 那位 女士 孩子 落地 后鼓 鼓掌 庆幸 摆渡 车上 上身 身边 一对 情侣 小声 声讨 讨论 最差 飞行 飞行体 体验 也许 航线 飞行 飞行员 行员 飞机 天气 综合 下次 定会 避开 航班
0	机舱 里 太 热 配 正餐 还好
0	服务 经济 经济舱 前半 半截 乘务 乘务员 态度 糟糕 乘客 说 问 第二遍 二遍 飞行 过程 中 不知 想 走神
0	颠簸 空 少 微笑 微笑服务 服务 服务 服务态度 态度 差
0	总体 满意
0	餐食 太差 面包 牛肉
0	男性 乘务 乘务员 飞机 起降 期间 教导 一位 新 女性 乘务 乘务员 口气 凶 声音 太大 大声 戴 耳机 听到 乘客 感觉 不好
0	飞机 不晚 晚点 空姐 服务 服务态度 态度 飞机 餐 真是太 难吃 飞机 餐 选择 牛肉 汉堡 两片 大面 面包 包夹 火腿 切片 番茄 最难 难吃 飞机 餐
0	准点 起飞 提前 到达 飞行 平稳 很顺 顺利
0	飞机 机遇 气流 不稳 稳定 餐食 潦草
0	座位 太 窄
0	赞 服务 周到
0	国航 航班 正点 服务
0	提前 到达 赞
0	不错
0	国航 真是太 low 飞 澳洲 航线 中 甭管 硬件 软件 稳居 一名 海航 澳 航 东航 服务 餐食 甩 几条 街
0	愉快 提前 25 分
0	坐 国航 共享 深 航 执 飞 着陆 乘客 惊叫 感觉 飞机 弹跳 了然 一点 偏向 飘
0	国航 服务
0	整体 整体感 感觉 感觉良好
0	头等 头等舱 服务 不错
0	国航 飞机 换 脏 发黑 wifi
0	满意 推迟 上机 上机时间 机时 时间 安排 客人 干着急 着急 说 军事 原因 飞机 回 北京 太 理解
0	飞机 颠簸 厉害 服务 服务到位 到位
0	国航 标准 标准化 程式
0	服务 不错
0	不算 太平 平稳 乘务 乘务员 a319 说 成 a320 登机 飞机 机上 好久 起飞
0	准点 飞行 飞行体 体验 不错 落地 稍微 重 点 不错 行程
0	Delay hr WTF
0	满意 国航 服务 曼谷 素 万 普 机场 换 登机 登机牌 托运 运行 行李 太慢 秩序
0	早餐 粥 热 透 吃 完 拉肚子 肚子 还好
0	提前 到达 空姐 漂亮 服务 热情
0	挺快 机上 服务
0	一顿 正餐 一顿 小食 吃 很饱
0	服务
0	国航 航班 正点 服务 还给 升 舱 赞
0	一而再 一而再再 再再 再而三 推迟 起飞 起飞时 起飞时间 时间
0	准点
0	不错 服务 到位 餐食
0	满意
0	短途 飞行 餐食 饮品 提供
0	平稳 餐食 还过 还过得去 过得去
0	满意 感觉 乘务 乘务长 空嫂 态度 飞机 餐 不好 好吃 乘务 乘务组
0	降落 滑行 時 候 震 動 真大 感 覺 行李 行李架 掉 樣 ⋯
0	飞机 机上 放屁 之外 满意
0	明天 前序 飞机 提前 20 分钟 到达 三亚 登机 机时 时间 说 航空 空管 管制 延误 50 分钟 登机 国航 三亚 远 机位 机场 几个 飞机 弄 机位 北京 滑行 20 分钟 航站 航站楼 家 凌晨 点
0	挺不错 不错
0	刷新 飞机 餐 难吃 程度 认知
0	机组 服务
0	飞 准 帮 出行 轻松 点
0	餐食 不好 好吃
0	班 服务 特别 特别 经济 经济舱 早餐 图 餐盘 盘上 机型 A321
0	飞机 正点
0	航班 起飞 起飞时 起飞时间 时间 早 空中 飞行 平稳 空乘 人员 服务 早餐
0	国航 选择
0	愉快 旅行
0	满意
0	提前 30 分钟 到达 力
0	整体 比较满意 满意 准点 只不过 一点 太 满意 地方 餐食 提供 种类 少
0	飞行 平稳 提前 到达
0	747 落地 远 机位 不爽
0	准点 客服 餐 好吃
0	空乘 小姐 小姐姐 姐姐 耐心 机 餐 说 真不 不好 好吃 。。 难忘 虾 粥 。。
0	班机 空乘 小姐 小姐姐 姐姐 温 油
0	总体 不错 飞机
0	飞机 机降 降落 30 分钟 乘客 调 直 座椅 靠背 收起 小桌 板 打开 遮阳 遮阳板 收起 起脚 脚垫 太 早 飞机 转圈 时间 长 乘客 舒服 留 15 分钟 够
0	满意 飞机 舒适 舒适度 适度 加 国航 APP 希望 乘坐
0	提前 一小 小时 到达 目的 目的地 国航 飞得 机上 餐食 太 简单 太 西方 西方化 方化 一条 热狗 打发
0	特别 不好 服务 冷淡
0	满意
0	天 氣 原因 飛 機 搖 晃
0	国航 服务 很棒 乘务 乘务员 颜 值 高 机上 娱乐
0	味道 飞行 飞行员 行员 技术 不错
0	满意
0	餐食 太 难吃 咸
0	挺 服务 wifi
0	舒适 平稳 餐食
0	餐饮 有待 提高
0	一路 颠簸 吓死 还好 福冈 平稳
0	餐食 太差 面包 一瓶 矿泉 矿泉水 泉水 杯 热茶 提供 机上 腰 枕 毛毯 数量 太少 提供
0	挺 周到 位 乘务 乘务员 X 欣 特别 温柔
0	准点 到达 重庆 挺
0	准点
0	整体 挺不错 不错 舒适 舒适度 适度 工作 工作人员 作人 人员 服务 服务态度 态度 飞机 餐 一如 一如既往 不好 好吃 期待 低 失望 说法 整体 还行
0	座 飞机 最为 平稳 气流 提前 到达 目的 目的地
0	乘客 太多 缺点
0	坐 国航 飞机 感觉 不错
0	挺 提前 23 分钟 抵达
0	不好 歺 食 差
0	感谢 晚点 赶不上 飞机 谢谢 中行
0	凳子 舒服 间距 面包 蛋糕 够吃
0	姐 空 少 服务 服务态度 态度
0	晚点 理由 上海 海天 天气 原因 那天 天上 上海 春光 春光明媚 光明 明媚 艳阳 艳阳天
0	飞机 前后排 后排 间距 太小
0	点儿 飞机 飞机 餐
0	网上 值机 选 座位 位居 变
0	航空 航空公司 公司 摆渡 车
0	飞机 延迟 起飞 两个 小时 水 可惜 餐 旅客 低血糖 血糖 服务 人员 提供 饮料 面包 数人 应急 物资 希望 改进
0	机上 上有 泰国 乘务 小姐 小姐姐 姐姐 漂亮 温柔 爱 笑 服务 整洁
0	满意
0	国航 满意 飞行 飞行体 体验
0	飞机 飞机 波音 787 配套 设施 完善 空乘 人员 耐心 微笑 微笑服务 服务 晚点 晚 一个多 小时 飞机 餐 难吃 ！！ 值得 吐 槽 行李 很慢 太慢 还好
0	飞机 新 电源 充电 经济 经济舱 座位 窄
0	餐食 不太好 冰冷 三明 三明治 明治 ➕ 一瓣 橘子 ➕ 一根 麻花
0	飛 機 舒服
0	整体 不错 快降 降落 特别 颠簸 差点 颠 吐
0	很顺 顺利 空姐 漂亮 热心 早餐 不错
0	大早 早上 吃 炒饭 饭 特别 特别 硬 难以 下咽
0	准确 查询 用户 体验 下次 还用
0	最早 购买 航班 查 准点 率 不禁 手里 捏了一把汗 一把 一把汗 一架 飞机 晚点 一晚 晚点 一两 一两个 两个 小时 当天 星期 星期四 飞机 准时 登机 起飞 原定 定时 时间 早 19 分钟 飞机 年龄 宽敞 特别 腿 空间 飞机 大些 飞机 餐 好吃 红烧 烧猪 猪肉 饭 汤汁 很浓 米饭 很硬 空乘 人员 服务 服务态度 态度 不错
0	航班 落地 运 机位 三十 三十分 三十分钟 十分钟 分钟 到达 机场 行李 提取 时间 太晚 凌晨
0	机上 上空 空乘 服务 细致 耐心 值得 表 杨 十几 十几个 几个 小时 飞行 竞 不觉 累 牛 坐 相比 国航 牛
0	15 上午 飞机 机降 降落 冲下 冲下来 危险
0	ok 提醒 一点 两边 坐 摆渡 车 。。
0	满意 平稳
0	飞 105min 起飞 降落 平缓 乘坐 舒适
0	国航 体验 是非 完美 美的
0	国航 服务 服务质量 质量 国际 飞行 建议 乘坐 国航
0	新飞 飞机 噢 USB 口 乘务 乘务员 和蔼 餐食 一如 一如既往 不好 好吃
0	餐饮 好吃 还好
0	座椅 舒适 舒适度 适度 不好 太 挤
0	服务 乘坐 舒适
0	不错
0	行李 不见
0	柜台 台服 服务 人员 皱 眉头 摆 脸 一早 早晨 好心 心情 没了
0	乘务 乘务员 耐心 服务
0	正点 起飞 飞行 平稳
0	飞机 餐 全 汉堡 汉堡包 真的 感觉 饭 好吃 水果 香蕉 点心 饼干 水果 色拉 小面包 面包 失望
0	满意 八点 四十 十起 起飞 送 早餐 机票 机票价 机票价格 票价 价格 不多 航空 好多
0	金 美 娜
0	总体 满意
0	满满 满满的 意
0	第一 第一次 寫 航班 點 評 送 給 CA110 雖 延 誤 將 兩 個 時 飛 機 上空 空姐 服 務 周到 貼 心 溫 暖 飛 行 體 驗 為 國 航 點 讚
0	晚 飞 早 cc nice 赞
0	晚 飞 早 乘务 乘务员 nice 赞
0	坐 椅子 没法 往后 后放 装置 坏 一路 一路上 路上 上有 难受 飞机 机上 有人 脱鞋 邻座 熏 惨
0	飞机 摆渡 车 太 费劲
0	2018 15 本次 航班 班机 机长 太 优秀 起飞 降落 有感 感觉 难受 改观 以往 体验
0	服务
0	冲着 744 二十 二十多 二十多年 十多 十多年 多年 空中 女皇 外观 观看 看上 保养 养得 不错 机舱 舱内 内设 设施 年代 感 飞机 噪音 确实 头 几天 坐 787 落地 时 颠 厉害 重 着陆 该是 弹 晚餐 鸡肉 鸡肉饭 口感 不错 飞机 坐 少 总体 挺 满意
0	汉堡 太 难吃
0	服务 国航 飞机 餐 航空 航空公司 公司 差距
0	空乘 人员 专业
0	满意
0	稳 舒服 空姐 服务 服务态度 态度
0	夜色 撩人
0	国航 一如 一如既往 稳 春运 准点
0	够 抖
0	感觉 廉价 航空 一比
0	服务 飞行 舒适 设施 稍 空姐 很漂亮 漂亮
0	不错 体验
0	飞机 餐 难吃 满意 娱乐 系统 新 电影 飞机 停 稳 争先 争先恐后 行李 乱作一团 一团
0	落地 100 分
0	满意
0	服务 时间 准 机内 内设 设施 太 座椅 七八 七八十 七八十年 八十 八十年 八十年代 十年 十年代 年代 没电 电视
0	飞行 飞行速度 行速 速度 很快 提前 前半 半小时 小时 座位 颈 枕 随意 调节 个子 高 后脑 后脑勺 脑勺 颈 枕 撑 脖子 难受
0	满意
0	愉快 满意
0	降落 平稳
0	飞机 两层 不多 不多见
0	满意 ！！！！！
0	服务
0	飞机 发 一瓶 水
0	国航 服务 人员 人员素质 素质 标准 专业
0	空姐 态度 差 空 保 服务 服务态度 态度
0	风 颠簸 较大
0	满意
0	不错
0	太 稳
0	感觉 南航 服务
0	飞机 太 中午 航班 面包
0	服务 服务态度 态度 差 摆渡 车 效率 低 国航 确实 不行
0	行程 满意 空姐 态度 和服 服务
0	明明 带上 飞机 箱子 登机 登机口 非要 托运 说 飞机 满员
0	垃圾 航班 准点 点过 晚点 一小 小时 算是 天气 皮 晴朗 前序 航班 早就 到达 说 流量 量控 控制 载 旗 航空 飞 国际 港澳 港澳台 港澳台地区 台地 地区 不用 不用说 报 歉 道歉 来点 改进 服务
0	fuc 取消
0	飞行 平稳 服务 热情 起降 感觉
0	满员 航班 估计 准点 率 高 提前 15 分钟 到达 不错
0	差 评 点儿 人性 人性化
0	往返 深圳 欧洲
0	飞机 挤
0	总体 不错 比较顺利 顺利 早 20 分钟
0	首都 首都机场 机场 最远 远 机位 摆渡 车上 煎熬
0	流 控 延误 任何人 何人 解释 地勤 特别 牛 说 流 控 退票 说 宾馆 走出 安检 说 入关 安检 只能 坐在 板凳 水 食物 何解 解释 安排 五个 小时 终于 登机 看得 看得出 机组 累 笑容 礼仪 餐食 真心 低 配 国际 国际航班 航班 少有 抵挡 餐食 特别 特别是在 机场 饿 小时 机组 总体 不错 330 稳 载 旗 地面 服务 真的 伤人 行李 两件 倒 不错
0	飞机 不错 新 飞 太 提前 一小 小时 降落 接机 司机 机手 手忙脚乱
0	是因为 坐 凌晨 红眼 航班 感觉 空中 餐食 汉堡 汉堡包 味道 不好
0	还好 发 饭 错过 赶紧 道歉 空姐 关上 遮阳 遮阳板 口气 生硬
0	空姐 服务 服务态度 态度 不好 ！！ 飞机 机上 睡着 吃 东西 醒 快降 降落 口 特别 渴 空姐 打点 温水 温水 抢过 杯子 瞪 一眼 不知 是因为 飞机 快降 降落 原因 态度 重点 重点 杯 热开水 开水 告诉 喝 一口 烫死 行李 舌头 疼
0	常平 平稳 服务
0	准点 到达 标准 国航 服务
0	早餐 丰盛
0	整体 不错 飞机 旧 点
0	准点
0	延误 误时 时间 不算 长 飞得 平稳 服务 热情 伙食 差
0	准点 到达 餐食 较差
0	服务 服务员 记错 沃 饮料 服务 周到
0	整体 舒适 服务 周到 晚 出发 早 20 多分 多分钟 分钟
0	航班 茶 饮
0	垃圾
0	时间 不准
0	服务 有待 提高 国际 国际航空 航空 飞行 中 发 入 镜 卡 空姐 询问 空姐 回答 分发 发完 满不在乎 不在 不在乎 在乎 态度 事实 事实上 从没 没见 空姐 分发 不好 体验
0	不错 国航
0	飞机 飞行 还算 平稳
0	满意
0	机型 商务 舱 电视
0	降落 时
0	晃晃 晃晃 真 晃
0	不错
0	飞机 旧 起飞 飞落 落地 漏出 出航 航空 煤油 味
0	飞机 餐 种类 酸奶 橙子 鲜花 饼 汉堡 些小 零食 飞机 平稳 轰鸣 轰鸣声 鸣声 较大 机上 广播 声音 难听 听清 总体 还好
0	餐食 不错 国航 航班 棒棒 哒
0	提前 到达 平时 好多 起降 平稳 服务 服务周到 周到
0	提前 前半 半小时 小时 到达 目的 目的地 天气 不太好 旅途 途中 有惊无险 到达
0	空姐 太丑 ！！！
0	服务 航班 准点 OK
0	空乘 人员 说话 方式 有待 提高
0	倒 服务 还好 晚点
0	南宁 机场 服务 务实 实在 没法 恭维 值机 机柜 柜台 台服 服务 服务员 态度 懒散 安检 排 大队 应对 措施 安检 连手 手推 手推车 推车 找 不到
0	飞行 平稳
0	满意 旅行
0	飞机 舒服 部 电影
0	机场 check in 都还不 不错 新飞 飞机 平稳 舒适 飞机 餐 一般般 般般
0	提前 二十 二十分 二十分钟 十分钟 分钟 有时候 起飞 晚点 到达 航线 真不 真不错 不错
0	飞行 小哥 哥哥 帅
0	每次 发出 出入 出入境 入境 卡 搞 不灵 清
0	飞机 速度 速度快 稳 国航 饭菜 真的 一言 一言难尽
0	还行 服务 服务周到 周到
0	餐食 不错 服务 服务周到 周到
0	飞机 停电 飞机 停电 飞机 停电
0	国航 航空 空姐
0	服务 乘坐 舒适 舒适度 适度 欠佳 飞机 餐 不太好
0	正点 到达 落地 地平 平稳 不错
0	晚餐 餐点 航班 吃 东西 太少
0	不错 大连 航空 提前 到达
0	服务 服务周到 周到
0	机上 服务 不错
0	睡着
0	满意 一百
0	服务 服务态度 态度 餐食 满意
0	满意
0	还行
0	摆渡 车 乘到 吐 落 点
0	机体 体验 不错 空乘 人员 服务 周到
0	面商 商务 舱 服务 服务态度 态度 服务 人员 点 赞
0	首都 首都机场 机场 场地 服 接 飞机
0	满意
0	真的 服 七点 五十 五十五 十五 飞机 五点 半左右 机场 差点 没赶 赶上 通知 四个 窗口 值机 开 J K K 开 一半 ）。 自助 值机 托运 人山人海 山人 人海 工作 工作人员 作人 人员 维持秩序 秩序 再选 航空 航空公司 公司
0	提升 航班 准点 率 确实 太 难
0	国航 乘务 乘务员 机上 周到 热情 头等 头等舱 落地 北京 摆渡 车 经济 经济仓 体验 不好
0	服务 体验 分到 到位 周到
0	乘坐 感受 服务 服务周到 周到
0	回来 来晚 晚点 二个 半小时 小时 落地 开进 国航 停机 停机坪 摆渡 车 浪费 浪费时间 费时 费时间 时间
0	花 5000 元 买 头等 头等舱 行李 优先 放出 一个多 小时 拿到
0	提 行李 处 太 远
0	飞行 平稳
0	垃圾 航班 俩 小时 行程 负责
0	机型 改变 细节 人性 人性化 服务 服务态度 态度 不错 添水 次数 频繁
0	满意
0	飞机 餐 一包 包干 干果 挺 提前
0	飛 機 誤 點
0	不错
0	绑 行李 行李箱 卡通 通行 行李 行李牌 一串 串珠 珠子 拿走 发生 事 素质 太差
0	不错 服务 国航
0	提示
0	准点
0	不错 蛋炒饭 炒饭 不开 开心
0	服务 挺 热心 周到
0	乘务 乘务员 很棒 服务 贴心 下次 选择 山东 东航 航空
0	準 点
0	感觉 挺不错 不错
0	唯一 一觉 不太好 落地 行李 一会 一会儿 会儿
0	座位 舒服
0	选 超 总体 评价 不错
0	飞机 稳 舒服
0	服务 赞
0	消息 详细
0	满意
0	感觉 感觉 飞行 飞行员 行员 年轻 降落 抖 厉害
0	总体 不错 饭 太 简单
0	乘客 一路 放屁 一路 闻 屁 味 飞机 太 颠
0	早点 餐食 抱 太大 希望
0	总体 感觉 准点 到达 到达 首都 首都机场 机场 停靠 常远 坐 摆渡 车 折腾 头疼 后行 行李 托运 随身 随身携带 携带
0	不错 体验
0	飞得 太慢
0	提前 到达 一切顺利 顺利
0	不错 座位 挤 吃 东西 感觉 差 点
0	国航 重庆 联航 转乘 自动 登机 登机牌 打印 国航 实在 实在太 糟糕
0	挺 取 行李 等待 时间 太长 不多 浩 小时
0	飞 猪 飞 准 显示 按计划 计划 划起 起飞 飞机 硬生生 生生 一个半 半小时 小时 飞 人气 气愤
0	天 趟 航班 称得上 上空 空中 酒店 坐在 二楼 楼头 头等 头等舱 晚上 睡觉 长途 航班 睡 棒棒 哒
0	服务 热情 热情周到 周到 宾至如归 感觉
0	满意 飞行 母亲 年纪 纪大 航班 服务 人员 无论是 登机 飞行 中 到达 首都 首都机场 机场 场下 飞机 机时 服务 细致 周到 值得 点 赞
0	坑 一点 一点多 昆明 晚上
0	空姐 很漂亮 漂亮
0	四个 小时 航程 平稳 晚点
0	延迟 服务 不错
0	乘务 乘务长 经验 经验丰富
0	空姐 体贴 安静 舒适
0	主动 发 一次性 牙具 眼罩 更好
0	飞行 服务 服务态度 态度
0	本次 航班 波音 737 800 飞机 执 飞 中型 型飞机 飞机 经济 经济舱 空间 很大 12 名头 头等 头等舱 空间 一点 起飞 起飞时 颠簸 厉害 中途 下降 下降时 平稳 机舱 新 空姐 漂亮 服务 挺 飞机 新 下次 乘坐
0	餐 不错 第一 第一次 吃 干干净净 干净 净 空乘 服务 服务到位 到位 包括 不合 不合理 合理要求 女友 忘记 衣服 行李 托运 客舱 经理 答复 复原 原则 拿走 毯子 情况 照顾 飞机 机时 体 感温 温度 尚能 接受 机舱 舱口 一位 美女 空乘 关切 问 披 毯子 暖 心 后舱 受委屈 委屈 空乘 小妹 那厮 中华 绘图 铅笔 咬 一口 反咬 回去 笑笑 犯不上 较劲 好好 工作 看着 傻 逼 傻 逼 路上 狂奔 贸然 打搅 祝 机组 身体 身体健康 体健 健康 工作 顺利 平安 快乐
0	满意 ！！
0	傻 逼 航班 傻 逼 连云 连云港 机场 再也 再也不会 选择
0	服务 飞机 机上 等候 时间 太长
0	服务 还好 飞机 新 座位 窄 到达 正点 停 远 机位 行李 时间 长
0	出差 喜欢 国航 服务 后会 选择 国航
0	喜欢 路途
0	挺 公务 公务舱 太少
0	本来 返程 高峰 高峰期 要死 自助 取 票 机 人工 排队 排 门外 更让人 讨厌 窗户 户口 开 几个 全开 导致 排队 差点 取 不到 登机 登机牌 一点 一点点 点点 误 机 真的 服 领导 安排 越 越 窗户 户口 开 少 好像 特
0	国航 飞 平稳 服务 细节 更好
0	土 航 不错
0	过程 还行 长沙 机场 安排 廊桥 国航 长沙 势力 弱
0	飞行 不错 尼玛 大早 早上 登机 机要 坐 摆渡 车 开 门 走 冻死
0	预计 27 分钟 天下 下雨 原因 窗外 外电 电闪 电闪雷鸣 雷鸣 机长 开得 不知 飞机 老外 点评 连个 飞机 模型 影子 没见
0	真心 不错 服务 小姐 热情 超级 赞
0	服务 体贴 体贴入微 贴入 入微
0	降落 不稳
0	满意
0	航班 正点 21 26 落地 22 00 停靠 时间 飞机
0	满意 90 分
0	满意
0	不错
0	满意
0	飞行 飞行员 行员 水平 高 飞行 平稳 100 分
0	提前 航班 不错 不错
0	第一 第一次 坐 国航 航班 网上 评价 家 长沙 济南 上学 几年 往返 长沙 济南 这条 线 航空 航空公司 公司 试过 算是 最差 如山 航 空姐 从来不 乘客 敬语 服务 时 一点 情愿 应付 感觉 南航 真的 差 太多
0	机内 餐 太 不好 好吃 空乘 服务 号
0	满意
0	起飞 降落 颠簸 气流 整体 整体感 感觉 感觉不好 不好 同事 托运 行李 面霜 不见 顺手 工作 工作人员 作人 人员 不可思议 思议
0	梦想 787 不错
0	飞机 舒适 机组 服务 服务周到 周到 全程 微笑 飞机 颠簸 少 全程 飞行 平稳 订 中转 航班 还给 安排 免费 住宿 服务 体验 很棒 五星 好评
0	明明 降落 T1 非要 摆渡 渡到 T2 弯弯 弯弯曲曲 弯曲 曲曲 乡村 村里 穿梭 搞不懂 安排 提供 早餐 稀饭 豆沙 豆沙包 沙包 中西 醉 无任 娱乐 设施 可言 年 机 忍 抛开 提供 早餐 真的 感觉 坐 廉价 航空 三分 一分 扣 到达 机场 摆渡 车 一分 扣 舒适 舒适性 滴
0	服务 服务态度 态度
0	不错 较少 自然 顺利
0	太 挤
0	乘务 乘务员 热情
0	准点 停靠 太 远
0	准点 率 高 服务 服务态度 态度 空姐 漂亮
0	服务 机舱 广播 喇叭 不好 嘶哑 时断时续
0	机上 娱乐 系统 统一 直开 登机 着陆 音乐 听 晕机 患者 特别 幸福
0	实在 不明 明白 飞机 空调 调开 热
0	满意
0	感觉 不错
0	服务 贴心 两个 小时 飞行 点 提供 餐食 味道 不错 空姐 长 挺 漂亮 愉快 飞行
0	飞机 视频 舒坦
0	good
0	餐 相隔 太久 饼干 吃 巧克力 曲奇 味道
0	满意 机体 体验 第一 第一次 坐 超级 经济 经济舱 国航 值得 信赖 飞机 开 平稳 机组 机组人员 组人 人员 服务
0	坐 成都 拉萨 航班 航空 航空公司 公司 降落 国航 降 几年 年前 坐 国航 航班 各方 服务 不行
0	乘务 人员 该是 劳累 太 开心 样子 连续 做 几段 航程 国外 国内 乘务 人员 横向 感受 深 美国 国航 航班 大妈 漂亮 热心 微笑 国内 航班 漂亮 小姑 小姑娘 姑娘 一种 礼貌 抗拒 严肃
0	落地 技术 感觉 不太好 落地 太 颠簸
0	飞行 飞行速度 行速 速度 速度快 感觉 提前 降落 滑行 很久
0	飞 太 想 睡 会儿 没给 机会 提前 前半 半个 小时 到达
0	旅客 临时 取消 航班 找 行李 飞机 机上 乘客 陪 耽误 半个 小时 建议 出台 相关 关法 法律 时间 宝贵
0	国航 航空 空姐 服务 贴心
0	架飞机 飞机 起飞 降落 时 未知 噪音 须要 乘客 解释
0	值机 机体 体验 糟糕 深圳 航空 赞
0	北京 飞回 大连 定要 选 国航 优先 起飞
0	坐在 飞机 机上 等待 小时 起飞 正午 午餐 小小 小小的 牛肉 酥饼 总体 只能 三星
0	做 重庆 航班 航线 一度 怀疑 上错 飞机 。。 开 小时 南通 。。 南通 。。。
0	满意
0	降 平稳 全程 服务 执 飞 飞机 机 龄 年 靠窗 位置 飞行 途中 噪音 总体
0	飞机 起飞 降落 晕 ๑ ๑
0	飞行 小哥 哥哥 帅
0	小时 倒 水
0	摆渡 车
0	满意
0	服务
0	满意 换到 第一 第一排 一排 国航 服务 人员 点 赞
0	深圳 深圳机场 机场 看不到 不到 转盘 号
0	机组 机组人员 组人 人员 播报 好像 赶时间 时间 听 感觉 舒服 希望 每次 机能 听 语速 播报 声音
0	帝都 机场 繁华 流量 量控 控制 原因 延迟 一会 一会儿 会儿 开得 不错
0	行李 时间 太长
0	飞机 新 感觉 不错 公务 公务舱 服务 人员 热情 友善 餐食 做 再好 点
0	满意
0	新飞 飞机 飞机 机上 上有 娱乐 设施 晚点 小时 电影
0	不错 空乘 态度
0	服务 还好 吃 扯
0	不错
0	准点 率 稍差 饭 提示
0	米饭 发
0	准点
0	不错
0	空姐 真美
0	餐饮
0	小吃 不好 好吃 靠近 卫生 卫生间 座位 异味 重
0	机 人员 态度
0	深圳 深圳机场 机场 推迟 航班 起飞 理由 定为 飞机 飞机故障 故障 机组 看不下去 说 飞机 毛病
0	降落 太 晃
0	赞 生日 送 卡片 ～～ 礼物 飞机 祝 生日 生日快乐 快乐 头等 头等舱 服务 煲仔饭 油
0	不错 空乘 人员 服务
0	空姐 态度 漂亮 关心 乘客 感受 座位 舒适 空间 餐食 味道 品种 不错 好评 加油
0	飞机 宽大 舒服 公务 公务舱
0	准点 提前 36 分钟 到达
0	不到 20 00 航班 生生 延迟 迟到 22 30 起飞 到达 天津 30 回到 家 00 早上 上班
0	飞机 新
0	满意
0	飞机 飞 稳 颠簸 空姐 微笑 微笑服务 服务 棒 下次 选择 国航
0	整体 整体感 感觉
0	国航 星 盟 吃 差 说 广州 北京 上机 前 延误 半个 小时 摆渡 车 坐 10 分钟 空调 闷 等于 飞机 机上 热 飞机 停 机位 t3 边缘 穿 短袖 穿过 t3 小时 时行 行李 飞行 飞行员 行员 降落 常平 平稳 震动 动感 星
0	冬季 外套 飞机 脱下 脱下来 热 ╰（‵□′）╯
0	舒适 旅程
0	空姐 飞机 稳 餐食 再加
0	体验
0	舒服
0	信息 准确 服务 到位
0	新年 年时 选择 欧洲 家人 团聚 选择 国航 商务 舱 机票 机票价 机票价格 票价 价格 价格不菲 不菲 感受 价格 相符 服务 空姐 例行 公式 服务 国人 说话 问 订餐 时 弯腰 不到 90 度 微 屈身 服务 外国 乘客 蹲 式 殷勤 感觉 崇洋 崇洋媚外 媚外 状态 一餐 牛肉 牛肉面 难吃 抱 空间 环境 有限 理解 心情 谅解 鸡蛋 食 鸡蛋 感觉 奇怪 咬了一口 一口 怪怪 怪怪的 吃 蛋清 山药 口感 蛋黄 吓人 看上 人造 鸡蛋 问 空姐 鸡蛋 说 不知 该是 降落 时空 空姐 收 乘客 被子 时 随便 抓 扔到 行李 行李架 灰尘 被子 毛 灯光 四起 舒服 几次 乘坐 汉莎 航空 航空公司 公司 头等 头等舱 感觉 温馨 服务 服务质量 质量 餐食 值得 点 赞
0	第一 第一次 坐飞机 飞机 坐 川航 回来 坐 国航 两个 航班 相比 川航 服务 服务态度 态度 一点 热情 一点
0	飞机 该换 A350 A380 座位 37C 靠背 坏 自动 动弹 弹回 弹回来 回来
0	满意
0	飞机 起降 平稳 空姐 服务 亲切 周到
0	摇得 吐
0	不错 空姐 靓 满意
0	餐食 太差 一盒 面
0	服务 服务态度 态度 飞行 平稳
0	不错 到位
0	服务 特 棒
0	一出 出行
0	早
0	飞机 舒适 舒适度 适度 乘务 人员 服务 服务态度 态度
0	座椅 舒服
0	座位 头部 部位 位置 设计 不好
0	每次 信息 准确 值得 信赖
0	飞机 机上
0	机械 机械故障 故障 登机
0	安全员 全员 旅客 开 公 放 电影 吵 死 没人 没人管
0	总体 不错 空姐 热情 恰到好处 好处 提供 中式 西式 两种 早餐 地方 落地 真的 滑行 太久 感觉 滑 回 北京
0	归家 心切
0	空乘 专业 得体 服务 服务周到 周到 十分满意 满意
0	我国 空姐 看着 顺眼 轻声 轻声细语 细语 态度 极好 航班 早餐 两种 国航 印象 印象分 蹭 蹭 涨
0	机上 安全员 全员 服务 服务态度 态度 帮 解决 疑问 乘务 乘务员 服务 希望 餐食 更好
0	赞 旅程
0	服务 还行 餐食 太差 建议 改进 餐食
0	19 10 分 飞机 配 正餐 一小 一小包 小包 包干 干果 乘客 饿着肚子 肚子 情 何以堪
0	登机 座 摆渡 车 走 说好 考 斯特 扣分 扣 地勤
0	总体 不错 槽 点
0	体验
0	服务 服务态度 态度 餐食 座位 空间 偏 航空 航空公司 公司 经济 经济舱 座位 ）。
0	晚点 航班 喜欢 国航 空姐 个个 拉 脸 飞机 发 烧饼 一杯 杯水 打发 要饭 够
0	谎报 报到 到达 时间 早早 空姐 结束 机舱 服务 太差
0	晚点 停机 不到 到位 降落 落到 走出 出航 航站 航站楼 时 一个多 小时 太 TM 浪费 浪费时间 费时 费时间 时间
0	不算 三明 三明治 明治 可口
0	餐 品 清真 真的 鸡肉 馍 果 昔
0	不错 机组 机组人员 组人 人员 热情
0	满意
0	准点 吃 机长 技术 很棒 落地 常平 平稳
0	驾驶 水平 11 年 飞机 起飞 特别 稳 降落 特别 轻 提前 41 分钟 到达 满意
0	最糟 糟糕 旅程 机场 场内 热 几次 应付 了事 空姐 恨不得 服务 完 躲 远远 延续 无所 无所谓 服务 差 不敬 敬业
0	飞机 机上 晚 20 分钟 起飞 ！！！！ 飞机 机降 降落 落后 停 飞机 停机 停机坪 飞机 大棚 边上 这辆 飞机 后续 续航 航班 导致 摆渡 车 开 半个 小时 ！！！！ 用户 用户至上 至上 用户 中心 设计 设计方案 方案 ！！！ 太 恶心
0	准点 飞行 机上 舒适 舒适度 适度 尚好 特别 点 赞 付 雪 空姐 微笑 笑面 面对 乘客 专业 精神 精神状态 状态 很棒 谢谢
0	飞机 餐 太 难吃 乘务 乘务员 热情 起飞 起飞前 演示 有气无力 无力 降落 阶段 飞机 太 晃
0	降落 滑行 40 分钟
0	整体 不错 前序 航班 晚点 导致 航班 延误 餐食 服务 服务态度 态度 不错
0	第一 第一次 碰到 飞机 提早 提早到 半个 小时 太 惊喜
0	舒适 贴心 温暖
0	晚点 小时 飞机 凌晨 真服了 服务 误点 实在 难以 难以忍受 忍受 飞机 越来 越来越 高铁
0	客 航 服务
0	属实 乘务 人员 very good Great !!
0	服务 设备
0	心情 愉悦
0	娱乐 系统 系统故障 故障 协助 满意
0	将军 上海 滑行 最起码 起码 10 分钟 不知 干嘛 乘客 满意
0	平稳 起飞 起飞前 机场 飞机 排队 等待 等待时间 时间 长 点
0	舒适
0	舒服 枕头 飞得 稳
0	黄山 机场 慢吞吞 吞吞 五分 多钟 开 舱门
0	餐食 比较简单 简单
0	差 成 屎
0	飞机 晚点 坐上 旅客 不解 解释
0	一路 平稳
0	机上 娱乐 设施 太 全
0	两个 小时 说 能登 登机 傻 ！！ 太差 ！！
0	北京 进 航站 航站楼 地面 面上 滑行 半小时 小时 进 远 停机 停机位 机位 坐 摆渡 车 服务 太次 本来 晚点 飞机 飞机 过程 愣 花 半小时 小时
0	计划 提前
0	座位 左右间 间距 太 窄 一路 坐 累 服务 还行
0	噪音 超级 座椅 超级
0	总体 感觉 服务 服务周到 周到 机 餐 单调 量 少 馅 包 一小 小袋 榨菜 一小 小盒 果 昔 饮料 品种 少 想 喝 苹果 苹果汁 果汁
0	挺不错 不错 体验
0	太 拥挤 选用 这款 飞机 洗手 洗手间 舒服
0	还好 吃 太差
0	小米 第一 第一家 一家 機 場 實 體 店面 慶 祝 機 每人 個 頸 椎 枕 頭
0	国航 没得 没得说 趟 航班 班机 机型 新 下午 饿 吃 飞机 餐 整体 整体感 感觉 不错
0	行程 准点 舒适
0	飞机 餐
0	晚上 气温 低 发 一瓶 矿泉 矿泉水 泉水 冰 建议 提供 供热 热水
0	晚 小时
0	摆渡 车 三百 三百多 百多
0	出发 机场 办 联程 导致 航班 赶不及 不及
0	不错 旅行
0	早餐 粥 喝起 有点像 浆糊
0	冲着 777 临时 换成 738 服务 乘务 乘务长 普通话 通话 英文 标准
0	太 航程
0	空乘 餐 飞机 准点
0	准点 满意 地方
0	值得 推荐
0	满意
0	满意
0	不错
0	唯一 颠簸 太 厉害
0	飞机 晚点 厉害 流量 量控 控制 提前 说 直说 时间 飞
0	满意 丰盛 免费 早餐 饮料 单独 提供 还为 每位 旅客 续 杯
0	高铁 提速 飞机 节奏
0	停机 太 远
0	飞机 餐 餐 包 挺
0	飞机 服务
0	慢 成 航空 航空公司 公司 排 航班 航班号 L Z 火车 字母
0	国航 航班 每次 满意
0	机尾 尾部 摇晃 感觉 过山车
0	米 汉堡 第二次 二次 坐 航班
0	延误 30 分钟 飞行 行时 时间 短 很快
0	飞行 平稳 天气 空乘 小姐 小姐姐 姐姐 很漂亮 漂亮 温柔
0	飞机 座位 连续 做 小时 感觉 太 舒服 挺
0	紧凑 紧凑型 日程 日程安排 安排 友好 为准 准点 率 高 提前 常年 减肥 人士 友好 飞机 餐 难吃 干脆 喜欢 国航
0	好好
0	还行 晚 十来 十来分 分钟 赶上 赶上去 乐山 山城 城轨
0	希望 准点 点出 出发
0	远 机位 宝宝 体验 摆渡 车
0	ccp 聊 不错 延续 想不通 不通 落地 一个半 半小时 小时 拿到 行李 不知 四个 航班 同一个 行李 转盘 太 挤
0	消息 更新 不及 不准 准确
0	小姐 小姐姐 姐姐 姐们 服务 服务态度 态度
0	满意 飞机 太 抖 妈 晕机 起飞 降落
0	不愧 中国 国航 航空 服务 不错
0	航班 延迟
0	推出 起飞 通知 因故 故障 需 重返 停机 停机位 机位 程序 程序员 讲明 原因 服务 并未 耽搁 很久 计划 之内 到达
0	误点 平凡
0	餐食 不好
0	飞 准 赶上 上高 高铁
0	差
0	飞机 新 服务
0	一切正常
0	飞行 平稳 提前 抵达 20 分钟
0	准点 率 高 餐食 食味 味道 味道不好 不好 杯 咖啡 温
0	反正 喜欢 国航 空乘 永远 冷漠
0	误点 乘客 照自 座位 座位号 坐 随便 乱 坐 空乘
0	空姐 服务 热情 热情周到 周到 飞行 平稳 舒适 可观 观影 一部 戏 结束 正好 到达 唯一 不停 停靠 廊桥 摆渡 时间 有点儿 点儿 长 老人 老人家 走路 路远 有点儿 点儿 受累
0	细心 心服 服务 佳 满分 好评
0	挺 餐 不好 好吃
0	行李 晚 差 评
0	正点 关门 起飞 排队 提前 到达 餐食 轻 简 服务 服务周到 周到
0	空乘 服务 周到
0	客 機 舊 硬 體 設 備 佳 影 視 設 備 椅子
0	行李 托运 机场 拖延 解决 不重 重视 旅客
0	托运 运行 行李 金钱 遗失
0	提醒 不准
0	飞机 太旧 座位 间距 太 挤
0	成都 飞回 上海 两个 小时
0	国航 西南 组 服务 能比 比得 比得上 上海 海航 问候 用词 总部 准确
0	座位 没让 坐在 行李 两天 寄到
0	来回 提前 十几 十几分 十几分钟 几分 几分钟 分钟 到达
0	还行 感觉 空乘 衔接 乱 眼光 犀利
0	不错 提前 到达
0	旧 座椅 舒适 舒适度 适度 不错 机上 餐食 真的 差 国航 茶点 简单 不怎么样 sandwich 打发 乘客 东航 吉祥 海航 南航 航空 早班 班机 茶点 国航 茶点 差 极致 三明 三明治 明治 茶水 希望 改善
0	起飞 降落 太 稳当
0	空姐 体贴
0	早班 飞机 关 舱门 等待 跑道 准点 起飞 早饭 分 中式 西式 两种 机位 343 座位 排列 影音 系统 提前 45 分钟 到达
0	满意 做 国航 粉
0	晚点 服务 专业
0	临时 买 票 帮 升到 头等 头等舱
0	航班 很早 选择 住 机场 酒店
0	很棒 体验
0	空乘 人员 专业 服务 完美
0	早餐 粥 没想 没想到 想到 不错 佐餐 卤蛋 硬
0	服务 到位 态度 和蔼 和蔼可亲 可亲
0	飞行 平稳 饮食 简单
0	晚点 小时 二十 二十分 二十分钟 十分钟 分钟 起飞 开 飞机 师傅 该是 新手
0	国航 服务 低于 预期 空姐 姐们 板着脸 满意
0	机上 服务 人员 态度 飞行 平稳
0	飞行 平稳 含 餐食 准点 起飞 提早 提早到 到达
0	饮料 种类
0	挺 空姐 声音 温柔 面对 对着 坐 笑 开心 哈哈哈 哈哈哈哈 哈哈哈 下次 乘坐 国航 飞机 工作 每月 出差 喜欢 国航
0	印度 印度人 特别
0	推出 时 启动 发动 发动机 动机 耳朵 振 聋
0	餐食 杭州 出发 冰淇淋 娱乐 设施
0	航班 延迟 两 小时 全程 理解 解释 全程 乘客 安抚 补偿 官商 作风 下回 坐 国航 坐
0	一般般 般般 早饭 中式 难吃
0	国航 座椅 靠背 舒服 带头 头枕
0	飞机 乘坐 舒适 飞行 过程 中 颠簸 较少 国航 服务 不错 整体 比较满意 满意
0	出口 加钱 餐食 简 餐
0	吃到 东西 小饼
0	冰淇淋 提供 欧 耶
0	延迟 起飞 起飞时 起飞时间 时间 是因为 大雾 没办 办法 大雾 散去 刻起 起飞
0	早餐 中式 西式 口味 不错 乘务 乘务员 英语 标准
0	不错
0	晚点 40 分钟 起飞 晚点 11 分钟 到达 明明 跑 十几 十几架 几架 架飞机 飞机 插队 飞机 40 分钟 钟行 行李
0	空姐 态度 欠 钱 服
0	服务 品质 第一 一梯 梯队
0	体验 服务 热情 细致
0	不稳 晕机 头疼
0	后排 太 挤
0	服务 较差 餐食
0	准点 起飞 晚点 九分 分钟 降落 一切都是 CA 高标 高标准 标准 规范 服务 唯一 不爽 早 八点 航班 一瓶 水 提供 餐食 点 票价 便宜 往返 800
0	飞得 稳 空乘 人员 亲切 亲切服务 服务 晚上 吃 三明 三明治 明治 感觉 脱水 干
0	感受 不错
0	买 国航 航班 乘坐 却是 大连 航空 航空公司 公司 航班 到达 停靠 超级 远 机位 摆渡 车 坐 20 分钟 国内 到达 口
0	饭 难吃 不错
0	满意 空乘 服务 服务态度 态度
0	国航 总体 过硬 空乘 服务 不错 值得 表扬
0	第一 第一次 感觉 满意
0	午餐 太差
0	飞 准 推荐
0	北京 行李 没到
0	餐饮 不太好
0	顺利 平稳 准点
0	满意 第一 第一次 舒适
0	中国 航空 飞 国内 wifi 国航 说 国航 独树 独树一帜
0	太 热
0	机组 sb
0	满意
0	飞行 平稳 起降 平顺 服务 体贴 稍微 晚点
0	早餐 不行 航空 提供 稀饭 面包 实用
0	飞机 超 售 婴儿 折腾 两个 小时 行李 请 航班 班上 有人 打架 空乘 人员 服务
0	谢谢
0	不当 当班 空姐 玩手 手机 同机 同事
0	箱子 轮子 摔坏 买 箱子 第二次 二次
0	整体 整体感 感受 不错 出发 南昌 机场 太烂 制造 本次 行程 唯一 缺陷
0	不错
0	很棒 忍不住 不住 吐 槽 国航 饭
0	月 日 飞 纽瓦克 瓦克 座椅 后座 断裂 外漏 铁丝 影响 飞行 起飞 降落 乘客 月 日航 航班 不错
0	飞机 吵 显示 显示器 触 屏 分辨 分辨率 辨率 高 北京 摆渡 车 坐 半小时 小时 唯一 一好 空姐 服务 不错
0	第一 第一次 坐 飞机 设施 服务 满意
0	满意
0	行程 发票 拿到
0	棒棒
0	航程 过程 中都 特别 不知 取回 取回来 回来 行程
0	三个 航班 行李 ，㨈 一台 输送 帶 ？？？ 特色
0	果在 告知 知行 行李 提出 囗
0	满意
0	乘务 乘务员 丑 说 服务 冷冰冰 冰冰 微笑 餐食 不好 体验 不好
0	飞机 正点 起飞 满意
0	不错
0	准点 准点
0	一切顺利 顺利 机场 服务 服务质量 质量
0	机上 服务 不错 95 分
0	准点 服务
0	托运 行李 行李箱 拿到 到手 惨不忍睹 不忍 睹 多处 磕碰 垫子 磕 没了
0	空乘 男 帅 女 很美
0	机长 开 飞机 凶 要死
0	飞机 开 太 不稳 晕机 搞 晕机
0	娱乐 娱乐节目 节目 很旧 餐食 不好 入境 卡
0	妈呀 坐 飞机 第一 第一次 晚点 提前 到达 情况 惊喜
0	国航 点 赞
0	起飞 延时 分钟 提前 45 分钟 到达 真效 效率 服务 赞
0	国航 说
0	餐桌 擦干 干净 乘客 垃圾 垃圾袋 未 清理 餐食
0	挺不错 不错 国航 值得 信赖 服务 服务态度 态度 不错 飞机 驾驶 平稳 起落 干脆
1	航班 准时 服务 服务周到 周到
1	飞机 准时 服务 挺
1	准时 准时到达 到达 满意
1	个人感觉 感觉 不错 飞 挺 稳 准时
1	满意 准时 准时到达 到达 餐食 美味 乘坐 体验 不错
1	真 准时 准时 晚点 小时 坐 航班 北京 转 国际 国际航班 航班 太 勇气 分分 分钟 体会 30 分钟 极限 狂奔 登机 幸亏 行李 托运 行李 定会 一趟 航班 晚
1	准时 准时到达 到达
1	准时
1	准时 服务 不错
1	飞机 准时 棒棒 哒 第一 信赖 大国 国航
1	深圳 起飞 迟 小时 顺风 飞行 准时 准时到达 到达 一位 空姐 真的 礼貌 和服 服务 意识 赞
1	乘坐 航班 准时
1	准时 服务 专业 再来
1	准时 平稳
1	挺 飞 准时 餐食
1	准时 飞行 飞行技术 技术
1	挺 准时
1	航班 准时 提前 到达 飞机 餐 冷 三明 三明治 明治 一杯 饮料 没了
1	准时 服务 餐饮
1	准时
1	准时 准时到达 到达
1	反正 不准 准时 服务 不错
1	本次 航班 迪拜 飞回 北京 停 重庆 准点 准时 国航 机长 驾驶 飞机 航空 航空公司 公司 降落 稳 软着陆 着陆 舒服 ，，， 服务 服务到位 到位
1	服务 热情 环境 准时 准时到达 到达
1	飞机 新 准时 起飞 提前 到达 机上 服务 服务周到 周到 贴心 红酒 好喝
1	服务 不准 准时 满意
1	准时 提前 到达
1	起飞 延误 总能 准时
1	准时 餐
1	准时 飞机 餐
1	准时 准点
1	满意 起飞 晚 到达 准时 机上 服务
1	准时 舒适 满意
1	挺 准时 准点 服务 不错
1	准时 服务 不错 短程 旅途 愉快
1	准时
1	舒适 准时
1	滑行 长时间 时间 停 行李 公里 远 地方 餐点 难吃 准时 准时到达 到达
1	准时 出发 准点 到达
1	服务 到位 飞行 行时 时间 准时
1	飞机 准时 起降 平稳 点 赞
1	稳 宽敞 准时
1	国航 服务 准时 确实 不错 首都 首都机场 机场 实在 没法 说 飞机 客 梯 车 情况
1	准时 准点 司机 机油 油门 踩 睡 一觉 兰州
1	准时
1	准时
1	航空 空管 管制 晚 20 多分 多分钟 分钟 出发 准时
1	服务 到位 准时 提前
1	准时 满意
1	挺 准时
1	平稳 准时 服务
1	服务 准时
1	准时 方便快捷 快捷
1	晚点 10 分钟 起飞 准时 落地 次 水 404 停机 停机位 机位 下机 摆渡 渡到 T3C 取 行李 只不过 行李 小时 失望
1	准时 提前
1	准时 温馨
1	国航 准时 准时到达 到达 服务 服务周到 周到 热情
1	服务 热情 准时 起飞
1	准时 准时到达 到达 王道
1	很棒 准时 晚点
1	正点 准时 出发 飞机 机上 餐食 早餐 面包 包米 米粥
1	准时 起飞 星 提前 到达 星 服务 意识 差 星
1	飞机 机能 准时 时点 餐食 国际 国际航班 航班 靠拢
1	航班 准时 服务 服务态度 态度 座椅 空间 飞行 稳定
1	准时 准点 满意
1	准时 服务 服务态度 态度
1	准时 准时到达 到达
1	准时 舒畅
1	起飞 准时 碰到 上海 雾 备降 北京 本来 点 能到 上海 11 点 上海
1	准时 起飞 飞行 平稳 提前 降落
1	准时 准时到达 到达
1	准时 准点 一路 一路上 路上 安静 飞机 坐起 东航 舒服
1	准时
1	飞机 准时 拥挤
1	飞行 平稳 准时 机主 主人 人员 点 赞
1	满意 准时 准点 飞行 很快 提前 二十 二十分 二十分钟 十分钟 分钟
1	准时
1	准时 出发 提前 到达 赞
1	737max8 舒适 乌鲁木齐 大面 大面积 面积 延误 准时 起降 赞
1	提前 35 分到 (*^▽^)/★*☆， 准时
1	平稳 准时
1	准时
1	准时 服务 不错 餐食
1	准时 提前 到达
1	准时
1	国航 霸气 服务 服务态度 态度 准时 直飞 快捷 ！！！
1	整体 准时 够不上 五星
1	说 中国 国航 航空 服 山 航 不晚 晚点 准时 飞 空姐 服务 无敌 棒 坐 太多 山 航 坐飞机 飞机 机首 首选 山 航 真的 真的 准时 ！！
1	骂街 晚 小时 算了 晚 几个 小时 评价 里 准时 妹 时间 金钱 生命 擦 起飞 计划 国家
1	飞机 起飞 点 准时 提前
1	灰 准时 行程
1	准时 起飞 提前 到达 东西 西落 在座 座位 乘务 乘务员 提醒 送还
1	准时 服务 服务到位 到位
1	准时 准时到达 到达
1	常规 常规性 晚点 没想 没想到 想到 准时 登机 提前 起飞 提前 到达 飞行 过程
1	服务 准时
1	准时 服务 不错
1	准时 客舱 服务 特别 亲切 周到
1	手机 值机 选 座 检 通道 准时 OK
1	服务 服务到位 到位 准时
1	准时 登机 提前 到达 餐食 配 水果 不错
1	准时 准点
1	晚点 半小时 小时 起飞 少有 准时 抵达 好评 拥挤 心情
1	还行 挺 准时 餐食 国内 航班 不错
1	航班 准时 飞机 机上 上会 发 早饭 一早 飞机 吃 过早 早餐 不早 早已 饿死 早饭 当作 早 午饭 吃 西式 西式早餐 早餐 不错
1	服务 准时 卫生 卫生间 水洗 洗手
1	准时 平稳 快捷
1	飞机 准时 起飞 提前 到达 更好
1	准时
1	真得 准时 点 飞机 点 升空
1	准时 起飞 提前 登机 座椅 间隙 还算 宽裕
1	准时 空乘 态度
1	不错 准时
1	空乘 人员 热情 热情周到 周到 服务 准时
1	飞行 飞行体 体验 棒 国航 服务 服务态度 态度 超 座椅 舒适 坐 四个 小时 一点 不累 准时 下次 坐 国航
1	平稳 准时 抵达 目的 目的地 不错 旅行
1	准时 亲切
1	准时
1	不准 准时 饭 点 面包
1	飞机 准时 起飞 新飞 飞机 座椅 舒适 服务 饮料 惊喜 下次 次优 优先 优先选择 选择 国航 大连 航空
1	准时
1	不错 服务 服务周到 周到 准时 准时到达 到达
1	准时
1	飞机 准时 服务
1	神 准时
1	飞机 准时 服务
1	准时 舒适 满意
1	飞机 准时 准点 起飞 提前 到达 国航 太棒 太棒了 架 航班 空姐 丧 脸
1	准时
1	准时
1	准时 100 准点 率 京沪 线 盖
1	准时 提前 15 分钟 到达
1	航班 准时 服务 服务周到 周到
1	航班 准时 服务 热情 谢谢 国航 用心 心服 服务 下次 选择 国航 中国 国航 航空 空大 大公 公司 保障
1	飞机 准时 服务 服务态度 态度 不错 完美 美的 旅程
1	北京 空管 部门 管理 有序 确保 航班 准时 起飞 飞行 飞行员 行员 驾机 平稳 准时 准时到达 到达 虹桥 虹桥机场 机场 空姐 礼貌 礼貌待客 待客 服务 服务到位 到位 下次 选 航班
1	满意 准时
1	准时
1	第一 第一次 买 停 机票 出发 出发地 准时 起飞 停 宜春 延误 两个 小时 回到 酒店 凌晨 两点 累 第二天 二天 天都 精神 神工 工作
1	整体 不错 飞机 飞行 准时
1	准时 棒
1	准时 一切顺利 顺利
1	准时
1	准时 平稳 点 赞
1	准时 准时到达 到达 飞行 平稳
1	挺 准时
1	行程 满意 准时 高效 服务 娱乐 设施
1	航班 准时 餐饮
1	航班 准时 服务
2	延误 小时 一班 飞机 没赶 赶上
2	预计 10 分起 起飞 机上 工作 未 到位 登机 登机口 工作 工作人员 作人 人员 原话 导致 航班 延误 半小时 小时 一系 一系列 系列 航空 空管 管制 因素 导致 起飞 起飞时 起飞时间 时间 约 11 40 许 延误 两个 半小时 小时 航空 航空公司 公司 对此 歉意 登机 登机口 男性 工作 工作人员 作人 人员 问询 旅客 态度 态度恶劣 恶劣 机上 视频 播放 采用 公 放声 声音 音量 较大 常用 耳机 口 播放 放声 声音 模式 影响 想 休息
2	延误 前 续航 航班 延误
2	延误 小时 转悠 半天 停 远 机位 坐 摆渡 车 长时间 时间 。。。 第二天 二天 点 机场
2	航班 延误 延误 误时 时间 未 如实 实告 告知
2	挺 飞机 少许 延误 航空 航空公司 公司 没什么 关系
2	延误
2	2018 年 月 23 日 CA153 航班 头等 头等舱 乘务 乘务员 王 钰 舒 起飞 普通舱 帮忙 提供 供餐 餐饮 饮服 服务 时态 态度 态度恶劣 恶劣 成年人 老人 小孩 呵斥 冷脸 航班 延误 理解 工作 辛苦 旅客 方式 实在 接受 服务 头等 头等舱 旅客 家人 果在 乘务 乘务长 领导 面前
2	航班 延误 太久
2	整体 整体感 感觉 很快 快捷 延误 服务
2	延误 每餐
2	飞机 延误 误时 时间 过长 好好 改善
2	大过年 过年 延误 毛毛
2	12 45 分 飞机 延误 35 原因 公司 计划 原因
2	延误 等得 心累 餐食
2	航班 延误
2	延误 餐食 厦航
2	航班 延误 概率 太大 坐 几次 延误 小时 体验 极差
2	早班 班机 稍 延误 机上 服务 到位
2	不晚 晚点 延误 早 肯定 餐 不好 好吃
2	真的 太 郁闷 飞机 延误 小时 说 飞 飞 半个 小时 国航 真的 坐
2	延误
2	航班 延误 小时 害 一家 一家人 家人 错过 订好 动车
2	机组 服务 时 餐 不错 唯一 法兰 法兰克 法兰克福 兰克 福 起飞 飞流 流量 导致 成都 到达 延误 20 分钟
2	史无前例 无前 前例 延误 小时 原因 时间 航班 一个个 个个 起飞 国航 1904 永远 延误 教训 国航 飞机 做 无语 死 差 体验
2	延误 误时 时间 太长 耽误 动车
2	延误 误信 信息 透明 延误 毫无准备 中午 午时 时间 乘客 饿 小时
2	航班 延误 推脱 责任
2	无缘 缘由 延误 本来 较晚 航班 全价 票 摆渡 车
2	航班 延误 比较烦
2	飞机 延误 太久 换 登机 登机口 机场 广播 到达 新 登机 登机口 显示 显示屏 显示 灯光 昏暗 服务 人员 提醒
2	延误 太多
2	坐 国际 国际航班 航班 转机 延误 航班 神奇 延误 配合 点 赞 。。。
2	延误 半小时 小时 天 航空 航空公司 公司
2	国航 服务 服务质量 质量 乘坐 感受 确实 没话说 误点 晚上 八点 八点半 半开 延误 十点 十点钟 点钟 起飞 感觉 一两 一两个 两个 小时 平常 想 问 旅客 误点 损失 时间 金钱 负责 误点 导致 坏心 心情 服务 服务质量 质量 弥补 真的 值得 重视
2	延误 四十 四十分钟 十分钟 分钟 接受 飞机 餐 评论 中 说 不堪 空乘 人员 态度
2	延误
2	航 食 还好 今日 延误 小时 该是 温哥华 华大 大雪 所致 非人 人为 人为因素 因素 难受 怪罪 航空 航空公司 公司 理解
2	延误 小时 不及 澄清 中午 盒饭 飞机 餐 质量 较差 满意
2	延误 小时
2	国际 国际航空 航空 延误
2	天成 成都 雷雨 飞机 准确 起飞 趟 ！！！ 机械 机械故障 故障 延误 算了 关键 买票 说 联程 票 票 后发 发现 两家 航空 不用 航班 趟 延误 趟 死 赶不上 机组 怀孕 大妈 乘务 乘务长 ？？？？？ 国航 越来 越来越 不负 不负责任 负责 责任 ！！！ 差 评 ！！！！
2	值机 机柜 柜台 人员 态度 态度恶劣 恶劣 值得 批评 飞机 延误 机场 管理 混乱
2	空乘 服务 会主 主动 帮忙 满意 前次 航班 延误
2	降雪 延误 登机 小时 机组 告知 退 改签 交 登机 登机牌 办理 半小时 小时 告知 起飞 可下 下机 安排 后续 事宜 有人 取消 计划 北京 多此 多此一举 一举 损失 机组 百般 推诿 强行 起飞 到达 找 服 告知 联系方式 方式 投诉 电话 音讯 国航 担心
2	机组 机组人员 组人 人员 服务 到位 希望 延误 每次 旅途 悠闲
2	航班 延误 一会 说 天气 原因 一会 说 不明 原因 飞机 说 空中 管制 ，๑ ๑ 晕
2	瞎 改 登机 登机口 磨磨 磨叽 叽叽 航班 不延误 延误
2	晚上 飞机 延误 好评
2	机舱 服务 棒 机场 棒 延误 真的 无语 买 延误 险 没人 卖
2	延误 好久
2	延误 四小 小时 啥事 事儿 耽误
2	缺 星 是因为 延误
2	飞机 延误 小时 客服 电话 服务 极差 机场 延误 方案 沟通 95080 客服 退票 买 航班 导致 损失 3000 多元 买 高价 票 霸王 航空 损失 钱 影响 第二段 二段 航班 未能 赶上 上有 有损 损失
2	降落 特别 稳 延误 事 。。。
2	延误 太严
2	延误 小时 轻描淡写 描淡写 写给 200
2	难受 延误 40 分钟 廊桥 行李 好长时间 长时间 时间 行李 送到 转盘
2	延误
2	延误 座位 舒服 座位 间 空隙 很大 整体 体验
2	延误 理解 同一个 航线 飞机 先 飞 走 两个 小时 乘客 不理 理解
2	还行 延误 一个多 小时 头等 头等舱 餐食 坐 国航 一点 鸡汤
2	五星 差 评 航班 延误 消息 不通 通知 登记 消息 发 联程 航空 受 影响 太大
2	飞机 无故 延误 小时 无解 解释 无任 饮料 一瓶 水 实在 实在太 太差
2	延误 延误 延误
2	垃圾 航班 航空 空管 管制 做 一点 努力 延误
2	延误 延误 延误 原因 延误
2	延误
2	辣 鸡 飞机 飞机故障 故障 早 排 障 维修 登机 告知 换机 不早 早安 早安排 安排 延误 久 害 行程 赶不上 退票 说 南昌 滞留 一晚
2	飞行 延误 一小 小时 行李 很晚 五十 五十分钟 十分钟 分钟 提高 提高效率 高效 高效率 效率
2	操 延误 小时
2	延误 误约 20 分钟 行李 等待 久 满意
2	先延 延误 左 两个 钟 嘅 服务 唔 系 南航 啲
2	傻 逼 连云 连云港 芒果 饭 芒果 入关 饭 入关 一班 飞机 延误 一层 一层楼 层楼 三个 登机 登机口 破 机场 延误 延误 星际 迷航 大西 西瓜 情愿 买 5000 票 回 北京 不想 连云 连云港 呆 一秒 一秒钟 秒钟 破 sha bi 吃 翔
2	延误 俩 小时
2	航班 延误 无任 措施
2	无理 理由 延误 曼谷 国航 联系人 服务 巨 差 投诉
2	满意 延误 四个 小时 延误 旅客 提前 登机 顾客 国航 眼里 交完 钱 滚蛋 选 国航 倒霉
2	延误 提供 更新 时间 等待 痛苦
2	飞机 延误 半小时 小时 凌晨 点 家 希望 准点
2	延误 太久 延误
2	延误 两个 小时
2	延误 40 分钟
2	航班 延误 小时 国航 延误 向来 最多 最久 再也 坐
2	延误 太 厉害
2	延误 很快
2	延误
2	延误
2	禄 口 机场 服务 感觉 不是太好 安检 人员 员工 工作 作态 态度 少 耐心 和亲 亲切 亲切感 人性 人性化 服务 服务设施 设施 少 航班 起飞 延误 时间 准时 降落 做好 延误 惊喜
2	国际 国际航空 航空 十次 坐 八次 延误 无语
2	延误 误时 时间 太长 飞机 机上 广播 播音 音质 不好 英语 说 敷衍
2	昆明 十堰 提前 到达 各方 国航 十堰 武当 武当山 机场 后勤 服务 系统 延误 情况 何解 解释 引导 乘客 干 上午 11 35 晚上 20 00 乘客 电话 投诉 发 一包 快餐 面 一瓶 水 影响 大打折扣 打折 打折扣 折扣 影响 投资 旅游 十堰 武当 武当山 大连 航空 心理 印象
2	还行 天气 差 延误
2	延误 小时 ~~~
2	延误
2	延误
2	延误 还好 空乘 帅哥 态度
2	延误 二十 二十多 二十多分钟 十多 十多分 十多分钟 多分 多分钟 分钟
2	晚点 延误 后半 后半夜 半夜 家
2	航班 延误 航班 服务 服务周到 周到
2	延误 起飞 在意 意料 意料之中 之中 延误 小时 时时 时间 在意 意料 意料之外 之外 机上 上有 乘客 提出 无理 无理要求 乘务 乘务员 温馨 周到 服务 改善 善心 心情
2	延误 小时
2	延误 没什么 满意
2	延误
2	航班 延误 导致 后半 后半程 半程 国内 航班 未能 乘坐 加德 加德满都 川航 南航 未 延误 信赖 国航 次日 日安 安排 公务 被迫 取消
2	延误 一小 小时 飞机 餐 不好 好吃
2	延误
2	北京 流量 管制 延误 小时 飞机 速度 和服 服务 还行
2	空乘 态度 飞机 雨天 延误 一个半 半小时 小时 差点 赶不上 一班 航班
2	飞机 延误 厉害 飞 坑人
2	延误 误时 时间 太长
2	延误 有理 理由 延误
2	延误 说 行李 半小时 小时
2	延误 小时 一点 耽误 国际 国际航班 航班 下次 再来 禄 口 机场 可不 选择 转机 航班 挑战 心脏
2	飞机 延误 很棒
2	延误 太久 发 短信 告诉 服务
2	延误
2	延误 6h
2	延误 饭 特别
2	飞机 曼谷 机场 延误 小时 国航 服务 餐食 提供 鱼肉 饭 鸡肉 土豆 土豆饼 豆饼 烤面包 面包
2	延误 飞 稳
2	15 离开 海南 回 北京 行程 延误 飞机 不错 乘务 人员 友善 服务 期待 有机 机会 选择 国航
2	延误 小时 杭州 半夜 机 餐 提供 烧饼 了事 。。。
2	明明 明知 延误 误时 时间 告知 旅客 直通 通知 起飞 起飞时 起飞时间 时间 待定 ”。 机上 餐食 下咽 牛肉 面有 沙子
2	飞机 延误 一个多 小时 总体 感觉 还行
2	延误 两个 半小时 小时
2	延误
2	星 嫌多 延误 太严 本来 早上 35 起飞 延误 七个 小时 下午 16 20 起飞 早上 00 钟 床 40 机场 下午 点 行程 耽误 完 机场 川航 服务 人员 态度 态度恶劣 恶劣 免费 接送 送机 服务 形同 形同虚设 虚设 打死 做 川航 ！！！
2	延误 王 哈哈哈
2	足足 延误 一小 小时 24 分
2	不延误 延误 国航 不延误 延误 一分 一分钱 一分钱一 分钱 一分 一分货 毛病
2	飞机 延误 两个 小时
2	延误 太长 长时间 时间
2	未出 出发 前 几天 告知 航班 变动 当日 前 经历 两次 延误 到达 时间 跟着 延迟 无故 机场 候机 落地 花费 小时 时效 不靠 谱
2	延误 45 分钟 晚餐 鸡肉 汉堡
2	延误 误国 国航 信得 信得过 下次 选择
2	延误 每次 延误
2	准 出行 完美 陪伴 值机 日期 提醒 候机 延误 提示 到达 时刻 天气 天气状况 状况 提示 行李 通道 提示 细节 无微不至 提供 信息 减掉 焦虑 特此 由衷 由衷感谢 感谢
2	延误 延误 延误 真的 广播 次 延误 次 换 航班
2	延误 四个 小时 一夜 没得 睡
2	延误 太久
2	很快 驾驶 起降 稳 香港 大雾 延误 半小时 小时 飞机 早 20 分钟
2	延误
2	延误 餐食 饿 胃 疼
2	交通 迟到 幸好 飞机 延误 赶不上 飞机 惟一 飞机 延误 美好 哈哈哈
2	延误 不多 小时 飞机 空姐 忘记 发 吃 真的 无语
2	机组 超 棒 飞机 延误 两个 小时 迟到 四十 四十分钟 十分钟 分钟 满意 机组 机场 流量 管制 真的 蛋 疼
2	延误
2	天气 原因 导致 延误 说 天南 南昌 机场 惊险 一幕 ………… 天花 天花板 全 掉下来 一场 惊险 大片
2	延误 饭 点 里 餐食
2	延误 通知 时间 待定
2	两 星 乘务 乘务长 乘务 乘务员 飞机 延误 四小 小时 乘客 早已 失控 乘务 乘务长 长满 满分 硬件 零分
2	延误 小时 星 航空 航空公司 公司
2	延误 太多
2	延误 五个 小时 醉
2	延误
2	买 月 号 票 延误 月 号 下午 耽误 点 事
2	一整 一整夜 整夜 机场 坐等 延误 航班
2	延误 误时 时间 长
2	延误 无任 补救 补救措施 措施
2	延误 小时 12 点 30 杭州
2	延误 小时
2	延误 小时 起飞 餐食
2	晚点 延误
2	延误 久 晚 满意
2	晚点 延误 餐 不好
2	延误
2	晚点 俩 小时 一大 一大早 大早 天 亮 机场 登机 登机口 一趟 一趟 报 延误 飞 准 每次 说 延误 20 分钟 希望 打碎 希望 谱 点 延误 多久 瞎 报
2	每次 坐 国航 飞机 延误 有毒
2	延误 两个 小时 两个 小孩 小孩子 孩子 一拖 一拖二 家 半夜 点 飞机 正点 虹桥 机场 不通 通知 延误 信息 10 登机 机时 时间 通知 屏幕 屏幕显示 显示 10 广播 40 登机 一点 一点点 点点 服务 意识
2	习惯 习惯性 惯性 延误 及早 通知 ———— 13 CA412 延误 小时
2	前序 航班 昆明 哈尔 哈尔滨 延误 10 几分 几分钟 分钟 起飞 提前 22 分钟 抵达 北京 行程 空姐 服务 高效 服务 茶点 难吃
2	延误
2	航班 延误 误导 导致 未能 赶上 程 航班
2	鬼使神差 神差 延误 小时
2	最重 延误 延误 延误 乘务 乘务员 服务 赞 10 多年 波音 737 经济 经济舱 奢望 舒适 享受 飞行 行时 时间 太长 餐食 接受
2	延误 延误 一个半 半小时 小时 起飞
2	航班 延误 一个多 小时 到达 北京 远 机位
2	曼谷 天津 停 连云 连云港 国航 航空 空姐 蹩脚 英语 生冷 态度 连云 连云港 机场 客运 客运站 服务 晚点 三个 小时 延误 误信 信息 播报 情绪 安抚 中转 中转地 市 常态 化 服务
2	满意 延误 五个 小时 不知 原因 告诉 天气 原因 起降 两地 天气 不错 航路 路上 恶劣 天气
2	飞机 延误 特 受不了
2	排队 起飞 延误 小时
2	延误 起飞 小时 取 行李 半小时 小时 。。
2	飞机 延误 讨厌
2	延误 一路 气流 颠簸 全程 翻江倒海 航空 餐 难吃
2	延误 ！！！
2	延误 没理由 理由 延误
2	不错 延误
2	延误 三个 小时 差 评
2	延误 说 起飞 骗 登机 客 仓 四五 四五十 五十 五十分钟 十分钟 分钟
2	延误 太严 九点 九点半 飞机 两个 小时 北京 京都 三点
2	舒服 延误 两个 小时 飞机 机上 舒适 舒适度 适度 放弃 国航
2	任何理由 理由 延误 三个 小时
2	第一 第一次 坐 航班 延误 四个 小时 往后 延 …………
2	延误 太严
2	延误 三个 小时 半夜 十二 十二点 二点 天津 太 影响 行程 ！！ 机上 服务 不错 三星
2	延误 闹心
2	延误 飞行
2	延误 满分 特别 乘务 乘务组 ！！
2	飞机 提前 飞机 延误 北京 摆渡 车 。。。 北京 国航 天下 为啥 摆渡 真心 上海 出发 选择 东航
2	延误 太久 耽误 行程
2	机场 管理 管理人员 人员 太少 航班 延误 没能 能及 通知 延误 四个 小时 几块 饼干 馍 片 好多 乘客 有意 意见 机场 工作 工作人员 作人 人员 说理 没能 安抚 家情 情绪
2	延误
2	延误 恼火
2	头 经历 行李 延误
2	延误 延误 ，，，
2	延误 两 小时
2	延误 小时 有人 服务 太差
2	晚点 延误
2	延误 延误 延误
2	延误 太久 希望
2	太差 太差 国航 飞机 延误 家常 家常便饭 便饭 航班 飞 剩 起飞 真的 无语
2	莫名 莫名其妙 延误 说 航路 管制 通知 登机 说 登 时间 待定 本来 十点 飞机 十二 十二点 二点 导致 计划 改 高铁 赶不上 本来 最早 一班 飞机 发生 情况
2	延误 两个 小时 飞机 噪音 很大
2	本次 航班 延误 误时 时间 不长 接受 空姐 服务 服务周到 周到 细致
2	延误
2	延误
2	延误
2	延误 半小时 小时 满意 点数
2	延误 坐 摆渡 车 感觉 辛酸
2	航班 延误 长沙 国航 柜台
2	飞机 延误 飞机 机内 内部 内部空间 空间 太小 座椅 设计 不合 不合理 全程 直感 感觉 挤压 颈部 被压迫 压迫 从来没 坐 舒服 飞机 算是 春秋 航空 感觉 比国 国际 xx 舒服 差 评
2	时间 延误 备降 机场 留宿 次日 到达 目的 目的地
2	餐食 挺 牛肉 饭 几块 土豆 加 两个 牛肉 牛肉丸 肉丸 延误 太久 导致 地铁 没赶 赶上
2	坐 航班 延误 延误 延误
2	延误 小时
2	延误 误导 导致 两趟 赶不上
2	值机 柜台 金 卡 旅客 经济 经济舱 排队 航班 延误 广播 不论是 起飞 起飞前 到达 歉意 执 飞 飞机 估计 第二天 二天 飞 停到 机场 北边 Ameco 机库 摆渡 车 20 分钟 候机 候机楼
2	一颗 星 不想 延误 延误 延误 延误 凌晨 点 行李 半个 小时 一大 一大堆 大堆 困 懵 逼 眼睛 直 行李 再也 不想 坐 航班
2	延误 延误 再延 延误 国内 航班 准点 真难
2	时间 安排 极不 不合 不合理 延误 小时
2	飞机 延误 应急 方案 安抚 乘客
2	无故 延误 两个 小时
2	三次 赴 好多 吃 不重 时间 保证 延误 机型 舒适 舒适度 适度 提高 来时 上网 服 人员 态度 小姐 姐们 敬业
2	飞机 延误
2	飞机 延误 小时 流量 管制 原因 国人 无语 ！！！
2	延误 差点 赶不上 航班 飞机 老化 降落 时行 行李 行李架 掉下来 感觉
2	延误 小时 。。。。！！！！
2	机组 机组人员 组人 人员 播音 专业 声音 一副 懒洋洋 洋洋 睡醒 感觉 不合 不合时宜 时宜 频繁 停顿 卡壳 延误 解释 提醒 乘客 尊重 长时间 时间 大声 喧哗 影响 乘客 休息 总体 机组 组人 挺 希望 航模 谢谢
2	等待 登机 机时 时间 长 航班 延误
2	延误 太 厉害
2	延误 太久
2	飞机 延误 小时 流量 量控 控制
2	延误 超过 四个 小时 在此期间 期间 提供 供餐 餐食 饮用 饮用水 用水 差劲
2	第一 第一次 老妈 娃 媳妇 丈母 爹 飞回 回家 家乡 nice 航程 京城 今日 小范 雾 霾 早上 关注 前序 航班 航程 从早 飞到 晚 老爷 机 执 航 中 长时间 时间 延误 晚上 行程 担忧 接到 飞 准 更换 前序 航班 通知 甚感 愉悦 第一 第一次 完整 整体 体验 飞 准 服务 全 五星 评判
2	飞机 延误 误时 时间 太长
2	延误 飞机 太 热
2	总体 说服 服务 服务满意 满意 延误 二个 小时 时差 评
2	天气 天气状况 状况 还行 情况 延误 四个 小时 航程 飞机 机上 一瓶 矿泉 矿泉水 泉水
2	延误
2	延误 厉害 回家 了了
2	延误 延误 延误 。。。。
3	晚点 晚点
3	飞机 里 足足 坐 小时 晚点 一个多 小时
3	服务 热情 点心 简单 说起 起飞 晚点 到达 晚点 不多
3	晚点
3	飞机 晚点 太严 足足 晚点 小时
3	晚点 名 妙
3	太差 晚点
3	晚点 晚点 机场 场上 上空 盘旋 不降 降落 说法
3	国航 航天 天津 台北 松山 山线 重晚 晚点
3	晚点 点
3	晚点 坐 摆渡 车 重影 影响 下段 行程
3	晚点 一个半 半小时 小时 国航 服务 不错 滴
3	晚点 40 多分 多分钟 分钟
3	晚点
3	晚点 说 南京 遇 大雨 停靠 廊桥 摆渡 车 停得 乘客 客服 服务 务要 要用 用具 来体 体现
3	坐 国航 飞机 服务 服务态度 态度 晚点 告知 旅客 妥善 妥善处理 善处
3	起飞 晚点 四小 小时
3	晚点 两个 小时
3	幸运 关注 航班 半个 月 天都 晚点 最终 班 正点
3	飞机 晚点 几个 小时 空姐 服务
3	座位 太小 航班 晚点 停靠 航站 航站楼 下次 肯定 坐 乐
3	无理 理由 晚点
3	航班 晚点 机上 饮食 不错
3	机场 服务 不错 晚点 提前 好评
3	晚点 到达 摆渡 车 时间 长
3	晚点 小时
3	晚点 牛肉 饭 不错
3	晚点
3	晚点
3	晚点 小时
3	国航 一如 一如既往 差 晚点 市 常态
3	机场 天气 原因 晚点 服务 还行
3	晚点
3	香港 港航 航空 空管 管制 起飞 晚点 小时 抵达 晚点 小时 40 分钟 建议 选 航班 乘客 购买 延误 险
3	晚点 半小时 小时
3	晚点 90 分钟 国航 够呛
3	晚点
3	晚点
3	二次 晚点
3	晚点 两个 小时
3	晚点 太长 流量 量控 控制 难
3	晚点
3	晚点 点将 小时
3	10 点钟 发 餐 吃得了 ！？ 晚点 发 合适
3	合肥 雾 晚点 起飞
3	纽约 大雪 晚点
3	晚点 小时
3	晚点 太长 长时间 时间
3	流量 量控 控制 晚点 小时 20 分
3	晚点 晚点 永远 晚点
3	晚点 小时
3	晚点 四小 小时
3	晚点 经常性 常性 晚点
3	晚点 小时 ！！！ 机座 座椅 舒服 ！！！ 空乘 人员 服务 服务态度 态度 值得 表扬
3	晚点 小时
3	晚点 两个 小时
3	晚点 凌晨 点 家 满意
3	晚点 三个 小时 行李 转盘 处 很久 餐饮 不错
3	晚点 一小 小时
3	晚点 太久
3	空乘 组 点 赞 红眼 航班 晚点 丝毫 没影 影响 服务 质量 辛苦 少 星 留给 调度
3	起飞 起飞时 晚点 小时 发 饮料 时 空姐 身边 大声 听 不到
3	每次 晚点 每次 皮 屁 原因
3	晚点 三个 半小时 小时
3	航班 晚点 希望 国航 公司 航班 进出 进出港 出港 时间 控制 尽量少 晚点
3	晚点 两个 半小时 小时
3	晚点 太多
3	晚点 晚点 晚点 事情 说 三遍
3	晚点
3	晚点 服务 体会 舒适 温暖 餐食 尚可 提高 高空 空间
3	晚点 小时 晚点 王 名不虚传 不虚 落地 地机 机场 远 机位 挤 摆渡 车 走路 长 说 行李 半小时 小时 机上 餐食 汉堡 一包 零食 一般般 般般
3	晚点 泯灭 人性 班 差 分钟 北京 起飞
3	无缘 无缘无故 无故 晚点
3	晚点 回来 晚点 改 时间
3	不晚 晚点
3	晚点 永远 晚点 。。。。。。。
3	起飞 晚点 现象 )， 到达 晚 太多 座位 狭窄 服务 服务员 男生 态度 略显 生硬 女生 生相 相比
3	晚点 不爽
3	排除 排除故障 故障 导致 飞机 晚点 却是 虚惊 虚惊一场 一场 体现 现出 机组 超强 责任 责任心 兢兢业业 敬业 敬业精神 精神 空中 中服 服务 人员 热情 效率 高 总体 不错 旅行 赞
3	晚点 太长 长时间 时间
3	东西 难吃 晚点
3	晚点 半个 小时 还算
3	重晚 晚点
3	国航 不晚 晚点 航班 差 评
3	趟 飞机 每次 晚点 飞机 机上 娱乐 系统 有时候 还用 体验 唯一 不错 空 服人 人员 服务 服务质量 质量 不错
3	航班 晚点 率 高 北京 远 机位 冬天 乘客 半小时 小时 摆渡 车
3	航班 晚点 五个 小时 通知 情况 登机 不多 小时 起飞 太 离谱
3	波音 787 新飞 飞机 硬件 设施 一流 客舱 服务 服务到位 到位 餐食 食味 味道 不错 上海 海天 天气 原因 晚点 小时 总体 评价 希望 下次 晚点
3	晚点 35 分钟 服务 晚餐 牛肉 牛肉面 鸡肉 鸡肉饭 味道
3	晚点 一小 小时
3	晚点
3	晚点 起飞 小时
3	晚点 半个 小时 家常 家常便饭 便饭 空乘 高 冷
3	晚点 餐食 差 服务 服务员 英语 普通话 通话 水平 太差
3	晚点 是因为 雾 第一 行
3	不知 原因 晚点 一个多 小时 还好
3	晚点 时间 太久
3	每次 晚点 流量 量控 控制 烦死
3	晚点 走 两边 机场 做 穿梭 巴士 差 评 到极点 极点 !!!!
3	晚点 飞 慢 耽误 误事 事情
3	晚点
3	晚点 半个 小时
3	晚点 颠簸 真心 难受
3	饮料 选择 少 可怜 晚点 不通 通知
3	航班 坐 来回 广州 上海 晚点 较少 廊桥 客舱 服务 很棒 养眼 总体 体验 不错 娱乐 充电 电设备 设备 遗憾
3	晚点
3	晚点
3	一如 一如既往 机上 服务 饮料 不错 餐食 还行 晚点 一小 小时 座椅 脚垫 坏
3	晚点
3	晚点 OK
3	晚点 时间 长 提供 供餐 餐食
3	飞机 晚点
3	晚点 烦人
3	晚点 太久
3	机组 服务 人员 不晚 晚点 五星
3	晚点
3	晚点 不应 飞机 机上
3	次次 晚点 时效 时效性 太差
3	晚点
3	晚点 廊桥
3	晚点
3	晚点 行李 很久 推荐
3	晚点 小时
3	安检 烦死 很久 晚点
3	国 行 值得 信 懒 不晚 晚点 餐 真好
3	国航 晚点 两 小时 希望
3	两次 国航 晚点 两个 小时 民航 失望
3	晚点
3	晚点 晚餐 时间 尴尬
3	航班 晚点 半小时 小时 还行
3	晚点 餐食 太 简单
3	满意 晚点 一切顺利 顺利
3	晚点
3	晚点 还用 还用说 ？？？？
3	晚点 说 经济 前舱 大饼 脸 空乘 姐姐 全程 一脸 草泥马 态度 国航 拽
3	晚点 加行 行李 太慢 凌晨 点 机场
3	晚点
3	晚点 飞机 机座 座椅 很久 太 舒服
3	晚点 家常 家常便饭 便饭
3	晚点
3	晚点 小时 奔 溃 中
3	说 说 晚点 滑行 办 小时 走走 走廊 廊桥 坐 摆渡 车 。。。
3	晚点 餐食 热食
3	飞机 晚点 国航 服务 不尽人意 人意 曼谷 机场 服务 极差 特别 过关 检查 服务 有待 提高
3	晚点 服
3	晚点 小时
3	晚点 太多
3	晚点 机场 秩序 混乱 取 行李 时间 太长
3	真的 low 晚点 晚 六个 小时 ！！
3	晚点 一个半 半小时 小时 小型 型飞机 飞机 空姐 服务 服务态度 态度 不错
3	满意 旅行 晚点 晚点
3	晚点
3	晚点
3	晚点 两个 小时 提前 告知 机场 傻
3	赶上 用户 占 空域 晚点 一小 小时
3	习惯 习惯性 惯性 晚点 天天 航线 线管 管制 无语
3	晚点 点将 三个 小时 说
3	晚点 头等 头等舱 下机 经济 经济舱 分开
3	晚点 小时
3	晚点 半小时 小时
3	晚点 10 小时
3	服务 超级 晚点 四个 小时
3	晚点 时间 太长 九点 九点半 飞机 晚点 太多
3	晚点 两 小时
3	还好 晚点
3	晚点 太 恼火
3	重晚 晚点
3	晚点 起飞 正点 到达 服务 人员 棒棒 哒
3	航班 晚点 没谱 没谱儿 谱儿
3	晚点 一个半 半小时 小时
3	晚点 小时 天气 原因 民航 调度 太差 太差
3	武汉 机场 永远 晚点 挂钩 差 评
3	晚点 长时间 时间 告诉 晚 儍 差点 一程 计划 耽误
3	晚点 一点 一点点 点点
3	晚点 点儿 行程 还算 顺利
3	空乘 服务 机舱 整洁 晚点 丢 丢 整体 不错
3	晚点 三个 小时 推迟 回到 家 天亮
3	晚点 晚点 晚点
3	晚点 起飞 晚点 到达 登机 需 坐 摆渡 车 座位 紧 餐饮 差
3	晚点 太多
3	遗憾 接到 通知 晚点 晚点 晚点
3	晚点 两个 小时 到达 北京 深夜 做 摆渡 车 冷 困
3	可惜 大雾 晚点 总体 感觉
3	飞机 晚点 长时间 时间 起飞 起飞时 机长 撵 回来 晚点 40 分钟
3	晚点 小时 飞机 准点 好像 不多 反正 好几 几次 晚点 餐食 汉堡 加 零食 橙子 不错
3	稍晚 晚点
3	晚点 一会 一会儿 会儿 挺
3	晚点 满意
3	晚点
3	晚点 错 消极 应对 太差
3	晚点 十分钟 分钟 说 晚点 一两 一两个 两个 小时 也许 行李 托运 几个 航班 发 慢 不错
3	晚点 特色
3	航空 空管 管制 晚点 满意
3	飞机 晚点 半个 小时 飞得 不错 机场 国航 柜台 行程
3	本次 航班 稍微 晚点 早餐 提供 中式 西式 环境 干净 空乘 服务 服务周到 周到
3	晚点 小时 有点烦 机场 配 晚餐
3	晚点 点算 算了 行李 小时
3	不明 原因 晚点
3	晚点 太多
3	晚点
3	晚点 太多 说法
3	晚点
3	四段 国航 航程 本段 晚点 地方 还好
3	晚点 落地 不稳 机身 漂出 吓死 吓死人
3	晚点 小时 脸 评价
3	晚点
3	晚点 一个半 半小时 小时
3	晚点 机舱 舱内 服务 到位
3	晚点 这么久
3	晚点
3	晚点
3	晚点 长时间 时间 害 车票 钱 退 超级 满意
3	晚点 小时
3	晚点 小时
3	登机 机时 时间 临时 通知 晚点 小时
3	晚点 两个 小时 大地 影响 周一 工作 状态
3	晚点
3	晚点 比较严重 较严 机上 餐食 还行
3	晚点 备降 等待 再起 起飞 颠簸
3	晚点 小时
3	遇上 雷暴 晚点 小时 满意
3	晚点 25 分钟 晚点 期间 任何人 何人 何解 解释 或者说 提供 信息 食物 水
3	晚点 导致 后续 续行 行程 被打乱 打乱
3	晚点 太久
3	晚点
3	晚点 还好
3	晚点 说 航 餐 太差 差劲 鸡肉 汉堡 鸡肉 面粉 太 恶心 ！！
3	晚点 不靠 廊桥 飞机 机舱 太 热
3	莫名 莫名其妙 晚点
3	因故 故障 晚点 半小时 小时
3	晚点 小时 哒
3	晚点 一个多 小时
3	晚点 不好
3	晚点 小时 不爽
3	晚点 一点 不错
3	飞机 晚点 空姐 服务 不错 贴心 英文 差 点
3	傻 逼 玩意 晚点 小时
3	飞机 乘坐 舒适 晚点 讨厌
3	晚点
3	晚点 晚点 没得 选
3	晚点 太凶了 拖 两个 小时 起飞
3	莫名 莫名其妙 晚点 北京 空管 原因 大帝 帝都 晚点 排名 全球 倒数 倒数第 数第一 第一
3	满意 飞机 晚点 飞机 走 晚点 好多
3	天气 晚点
3	晚点
3	服务 首都 首都机场 机场 真是太 繁忙 晚点 一个多 小时
3	总体 不错 空乘 服务 服务态度 态度 规范 周到 航班 晚点 小时
3	晚点 ！！！
3	飞机 还行 晚点 半小时 小时
3	服务 不错 晚点
3	挺 晚点 网点 晚点
3	因故 晚点 尚可
3	晚点 小时 深夜 损失
3	晚点
3	播报 清 而过 为啥 晚点 听不清
3	晚点 五小 五小时 小时
3	晚点 差 评
3	晚点 晚点
3	晚点 一个半 半小时 小时
3	晚点
3	晚点 一小 小时 餐食 不太好 有损 国航 形象
3	晚点 时间 太长 行礼 贼 慢 回家 两点
3	晚点
3	幸好 早就 做好 50 晚点
3	太差 晚点 太多
3	总体 满意 晚点 拖后腿 后腿 一晚 小时
3	晚点
3	天气 原因 晚点 四小 小时 机组 服务 不错 飞机 机设 设施 旧
3	服务 晚点 半多 小时
3	航班 晚点 解释
3	晚点 无限 晚点
3	晚点 说 拢共 飞 小时 行李 40 分钟 空姐 态度 挺 耐心
3	航班 不错 晚点 麻烦
3	真的 晚点 晚 太过分 过分 心累
3	晚点 三个 小时 服
3	晚点 小时
3	晚点 三个 半小时 小时 ？？？ 好评
3	还好 晚点 两个 小时
3	晚点 晚点 晚点
3	每次 晚点
3	晚点 小时
3	晚点 超过 两个 小时
3	太慢 晚点 两个 半小时 小时 ！！ 餐食 不错
3	幸亏 晚点 赶不上 飞机
3	晚点 餐食
3	飞机 晚点 原因
3	太 没谱 关键 晚点 安排 不好 太差 分
3	晚点 小时 垃圾 航空
3	晚点
